date,home_team,away_team,home_score,away_score,tournament,city,country,neutral
2005-09-07 00:00:00,Northern Ireland,England,1,0,FIFA World Cup qualification,Belfast,Northern Ireland,False
2005-09-07 00:00:00,Norway,Scotland,1,2,FIFA World Cup qualification,Oslo,Norway,False
2005-09-07 00:00:00,Poland,Wales,1,0,FIFA World Cup qualification,Warsaw,Poland,False
2005-09-07 00:00:00,Russia,Portugal,0,0,FIFA World Cup qualification,Moscow,Russia,False
2005-09-07 00:00:00,Spain,Serbia,1,1,FIFA World Cup qualification,Madrid,Spain,False
2005-09-07 00:00:00,Ukraine,Turkey,0,1,FIFA World Cup qualification,Kyiv,Ukraine,False
2005-09-23 00:00:00,United Arab Emirates,Benin,0,0,Friendly,Dubai,United Arab Emirates,False
2005-09-24 00:00:00,Malawi,Zimbabwe,2,0,Friendly,Maputo,Mozambique,True
2005-09-25 00:00:00,Mozambique,Zimbabwe,3,2,Friendly,Maputo,Mozambique,False
2005-09-25 00:00:00,Zambia,DR Congo,2,2,Friendly,Chililabombwe,Zambia,False
2005-09-27 00:00:00,DR Congo,Zambia,0,0,Friendly,Lubumbashi,DR Congo,False
2005-09-30 00:00:00,Guyana,Dominica,3,0,Friendly,Linden,Guyana,False
2005-10-01 00:00:00,Guatemala,Jamaica,1,2,Friendly,Fort Lauderdale,United States,True
2005-10-01 00:00:00,Liberia,Zambia,0,5,FIFA World Cup qualification,Monrovia,Liberia,False
2005-10-02 00:00:00,Guyana,Dominica,3,0,Friendly,Georgetown,Guyana,False
2005-10-07 00:00:00,Poland,Iceland,3,2,Friendly,Warsaw,Poland,False
2005-10-08 00:00:00,Belgium,Spain,0,2,FIFA World Cup qualification,Brussels,Belgium,False
2005-10-08 00:00:00,Bosnia and Herzegovina,San Marino,3,0,FIFA World Cup qualification,Zenica,Bosnia and Herzegovina,False
2005-10-08 00:00:00,Botswana,Guinea,1,2,FIFA World Cup qualification,Gaborone,Botswana,False
2005-10-08 00:00:00,Bulgaria,Hungary,2,0,FIFA World Cup qualification,Sofia,Bulgaria,False
2005-10-08 00:00:00,Cameroon,Egypt,1,1,FIFA World Cup qualification,Yaound√©,Cameroon,False
2005-10-08 00:00:00,Cape Verde,Ghana,0,4,FIFA World Cup qualification,Praia,Cape Verde,False
2005-10-08 00:00:00,Colombia,Chile,1,1,FIFA World Cup qualification,Barranquilla,Colombia,False
2005-10-08 00:00:00,Congo,Togo,2,3,FIFA World Cup qualification,Brazzaville,Congo,False
2005-10-08 00:00:00,Costa Rica,United States,3,0,FIFA World Cup qualification,San Jos√©,Costa Rica,False
2005-10-08 00:00:00,Croatia,Sweden,1,0,FIFA World Cup qualification,Zagreb,Croatia,False
2005-10-08 00:00:00,Cyprus,Republic of Ireland,0,1,FIFA World Cup qualification,Nicosia,Cyprus,False
2005-10-08 00:00:00,Czech Republic,Netherlands,0,2,FIFA World Cup qualification,Prague,Czech Republic,False
2005-10-08 00:00:00,Denmark,Greece,1,0,FIFA World Cup qualification,Copenhagen,Denmark,False
2005-10-08 00:00:00,Ecuador,Uruguay,0,0,FIFA World Cup qualification,Quito,Ecuador,False
2005-10-08 00:00:00,England,Austria,1,0,FIFA World Cup qualification,Manchester,England,False
2005-10-08 00:00:00,Finland,Romania,0,1,FIFA World Cup qualification,Helsinki,Finland,False
2005-10-08 00:00:00,Gabon,Algeria,0,0,FIFA World Cup qualification,Port-Gentil,Gabon,False
2005-10-08 00:00:00,Georgia,Kazakhstan,0,0,FIFA World Cup qualification,Tbilisi,Georgia,False
2005-10-08 00:00:00,Israel,Faroe Islands,2,1,FIFA World Cup qualification,Ramat-Gan,Israel,False
2005-10-08 00:00:00,Italy,Slovenia,1,0,FIFA World Cup qualification,Palermo,Italy,False
2005-10-08 00:00:00,Latvia,Japan,2,2,Friendly,Riga,Latvia,False
2005-10-08 00:00:00,Lithuania,Serbia,0,2,FIFA World Cup qualification,Vilnius,Lithuania,False
2005-10-08 00:00:00,Malawi,Kenya,3,0,FIFA World Cup qualification,Blantyre,Malawi,False
2005-10-08 00:00:00,Mexico,Guatemala,5,2,FIFA World Cup qualification,San Luis Potos√≠,Mexico,False
2005-10-08 00:00:00,Nigeria,Zimbabwe,5,1,FIFA World Cup qualification,Abuja,Nigeria,False
2005-10-08 00:00:00,Northern Ireland,Wales,2,3,FIFA World Cup qualification,Belfast,Northern Ireland,False
2005-10-08 00:00:00,Norway,Moldova,1,0,FIFA World Cup qualification,Oslo,Norway,False
2005-10-08 00:00:00,Panama,Trinidad and Tobago,0,1,FIFA World Cup qualification,Panama City,Panama,False
2005-10-08 00:00:00,Portugal,Liechtenstein,2,1,FIFA World Cup qualification,Aveiro,Portugal,False
2005-10-08 00:00:00,Russia,Luxembourg,5,1,FIFA World Cup qualification,Moscow,Russia,False
2005-10-08 00:00:00,Rwanda,Angola,0,1,FIFA World Cup qualification,Kigali,Rwanda,False
2005-10-08 00:00:00,Scotland,Belarus,0,1,FIFA World Cup qualification,Glasgow,Scotland,False
2005-10-08 00:00:00,Senegal,Mali,3,0,FIFA World Cup qualification,Dakar,Senegal,False
2005-10-08 00:00:00,Slovakia,Estonia,1,0,FIFA World Cup qualification,Bratislava,Slovakia,False
2005-10-08 00:00:00,South Africa,DR Congo,2,2,FIFA World Cup qualification,Durban,South Africa,False
2005-10-08 00:00:00,Sudan,Ivory Coast,1,3,FIFA World Cup qualification,Omdurman,Sudan,False
2005-10-08 00:00:00,Switzerland,France,1,1,FIFA World Cup qualification,Berne,Switzerland,False
2005-10-08 00:00:00,Tunisia,Morocco,2,2,FIFA World Cup qualification,Rad√®s,Tunisia,False
2005-10-08 00:00:00,Turkey,Germany,2,1,Friendly,Istanbul,Turkey,False
2005-10-08 00:00:00,Uganda,Burkina Faso,2,2,FIFA World Cup qualification,Kampala,Uganda,False
2005-10-08 00:00:00,Ukraine,Albania,2,2,FIFA World Cup qualification,Dnipropetrovs'k,Ukraine,False
2005-10-08 00:00:00,Uzbekistan,Bahrain,1,1,FIFA World Cup qualification,Tashkent,Uzbekistan,False
2005-10-08 00:00:00,Venezuela,Paraguay,0,1,FIFA World Cup qualification,Maracaibo,Venezuela,False
2005-10-09 00:00:00,Argentina,Peru,2,0,FIFA World Cup qualification,Buenos Aires,Argentina,False
2005-10-09 00:00:00,Australia,Jamaica,5,0,Friendly,London,England,True
2005-10-09 00:00:00,Benin,Libya,1,0,FIFA World Cup qualification,Cotonou,Benin,False
2005-10-09 00:00:00,Bolivia,Brazil,1,1,FIFA World Cup qualification,La Paz,Bolivia,False
2005-10-11 00:00:00,Cambodia,Singapore,0,2,Friendly,Phnom Penh,Cambodia,False
2005-10-11 00:00:00,Qatar,Iraq,0,0,Friendly,Doha,Qatar,False
2005-10-11 00:00:00,United Arab Emirates,Oman,2,2,Friendly,Al Ain,United Arab Emirates,False
2005-10-12 00:00:00,Albania,Turkey,0,1,FIFA World Cup qualification,Tirana,Albania,False
2005-10-12 00:00:00,Andorra,Armenia,0,3,FIFA World Cup qualification,Sant Juli√† de L√≤ria,Andorra,False
2005-10-12 00:00:00,Austria,Northern Ireland,2,0,FIFA World Cup qualification,Vienna,Austria,False
2005-10-12 00:00:00,Bahrain,Uzbekistan,0,0,FIFA World Cup qualification,Riffa,Bahrain,False
2005-10-12 00:00:00,Belarus,Norway,0,1,FIFA World Cup qualification,Minsk,Belarus,False
2005-10-12 00:00:00,Brazil,Venezuela,3,0,FIFA World Cup qualification,Bel√©m,Brazil,False
2005-10-12 00:00:00,Chile,Ecuador,0,0,FIFA World Cup qualification,Santiago,Chile,False
2005-10-12 00:00:00,England,Poland,2,1,FIFA World Cup qualification,Manchester,England,False
2005-10-12 00:00:00,Finland,Czech Republic,0,3,FIFA World Cup qualification,Helsinki,Finland,False
2005-10-12 00:00:00,France,Cyprus,4,0,FIFA World Cup qualification,Saint-Denis,France,False
2005-10-12 00:00:00,Germany,China PR,1,0,Friendly,Hamburg,Germany,False
2005-10-12 00:00:00,Greece,Georgia,1,0,FIFA World Cup qualification,Piraeus,Greece,False
2005-10-12 00:00:00,Guatemala,Costa Rica,3,1,FIFA World Cup qualification,Guatemala,Guatemala,False
2005-10-12 00:00:00,Hungary,Croatia,0,0,FIFA World Cup qualification,Budapest,Hungary,False
2005-10-12 00:00:00,Republic of Ireland,Switzerland,0,0,FIFA World Cup qualification,Dublin,Republic of Ireland,False
2005-10-12 00:00:00,Italy,Moldova,2,1,FIFA World Cup qualification,Lecce,Italy,False
2005-10-12 00:00:00,Kazakhstan,Denmark,1,2,FIFA World Cup qualification,Almaty,Kazakhstan,False
2005-10-12 00:00:00,South Korea,Iran,2,0,Friendly,Seoul,South Korea,False
2005-10-12 00:00:00,Lithuania,Belgium,1,1,FIFA World Cup qualification,Vilnius,Lithuania,False
2005-10-12 00:00:00,Luxembourg,Estonia,0,2,FIFA World Cup qualification,Luxembourg,Luxembourg,False
2005-10-12 00:00:00,Malta,Bulgaria,1,1,FIFA World Cup qualification,Attard,Malta,False
2005-10-12 00:00:00,Netherlands,North Macedonia,0,0,FIFA World Cup qualification,Amsterdam,Netherlands,False
2005-10-12 00:00:00,Paraguay,Colombia,0,1,FIFA World Cup qualification,Asunci√≥n,Paraguay,False
2005-10-12 00:00:00,Peru,Bolivia,4,1,FIFA World Cup qualification,Tacna,Peru,False
2005-10-12 00:00:00,Portugal,Latvia,3,0,FIFA World Cup qualification,Porto,Portugal,False
2005-10-12 00:00:00,San Marino,Spain,0,6,FIFA World Cup qualification,Serravalle,San Marino,False
2005-10-12 00:00:00,Serbia,Bosnia and Herzegovina,1,0,FIFA World Cup qualification,Belgrade,Serbia and Montenegro,True
2005-10-12 00:00:00,Slovakia,Russia,0,0,FIFA World Cup qualification,Bratislava,Slovakia,False
2005-10-12 00:00:00,Slovenia,Scotland,0,3,FIFA World Cup qualification,Celje,Slovenia,False
2005-10-12 00:00:00,Sweden,Iceland,3,1,FIFA World Cup qualification,Solna,Sweden,False
2005-10-12 00:00:00,Trinidad and Tobago,Mexico,2,1,FIFA World Cup qualification,Port of Spain,Trinidad and Tobago,False
2005-10-12 00:00:00,Ukraine,Japan,1,0,Friendly,Kyiv,Ukraine,False
2005-10-12 00:00:00,Uruguay,Argentina,1,0,FIFA World Cup qualification,Montevideo,Uruguay,False
2005-10-12 00:00:00,United States,Panama,2,0,FIFA World Cup qualification,Foxborough,United States,False
2005-10-12 00:00:00,Wales,Azerbaijan,2,0,FIFA World Cup qualification,Cardiff,Wales,False
2005-10-15 00:00:00,Kernow,Jersey,3,2,Friendly,Cornwall,England,False
2005-10-23 00:00:00,Madagascar,Mauritius,2,0,Friendly,Antananarivo,Madagascar,False
2005-10-25 00:00:00,Oman,Syria,0,0,Friendly,Muscat,Oman,False
2005-10-26 00:00:00,Mexico,Uruguay,3,1,Friendly,Guadalajara,Mexico,False
2005-10-27 00:00:00,Bahrain,Panama,5,0,Friendly,Riffa,Bahrain,False
2005-10-30 00:00:00,Puerto Rico,Guadeloupe,1,3,Friendly,Bayam√≥n,Puerto Rico,False
2005-11-06 00:00:00,Zanzibar,Tanzania,0,1,Friendly,Zanzibar,Zanzibar,False
2005-11-09 00:00:00,France,Costa Rica,3,2,Friendly,Fort-de-France,Martinique,True
2005-11-09 00:00:00,Tajikistan,Afghanistan,4,0,Friendly,Dushanbe,Tajikistan,False
2005-11-09 00:00:00,Tanzania,Zanzibar,1,0,Friendly,Morogoro,Tanzania,False
2005-11-11 00:00:00,DR Congo,Tunisia,2,2,Friendly,Paris,France,True
2005-11-11 00:00:00,Paraguay,Togo,4,2,Friendly,Tehran,Iran,True
2005-11-12 00:00:00,Belarus,Latvia,3,1,Friendly,Vitsebsk,Belarus,False
2005-11-12 00:00:00,Bulgaria,Georgia,6,2,Friendly,Sofia,Bulgaria,False
2005-11-12 00:00:00,England,Argentina,3,2,Friendly,Geneva,Switzerland,True
2005-11-12 00:00:00,Finland,Estonia,2,2,Friendly,Helsinki,Finland,False
2005-11-12 00:00:00,France,Germany,0,0,Friendly,Saint-Denis,France,False
2005-11-12 00:00:00,South Korea,Sweden,2,2,Friendly,Seoul,South Korea,False
2005-11-12 00:00:00,Liechtenstein,North Macedonia,1,2,Friendly,Vaduz,Liechtenstein,False
2005-11-12 00:00:00,Netherlands,Italy,1,3,Friendly,Amsterdam,Netherlands,False
2005-11-12 00:00:00,Norway,Czech Republic,0,1,FIFA World Cup qualification,Oslo,Norway,False
2005-11-12 00:00:00,Portugal,Croatia,2,0,Friendly,Coimbra,Portugal,False
2005-11-12 00:00:00,Romania,Ivory Coast,1,2,Friendly,Le Mans,France,True
2005-11-12 00:00:00,Scotland,United States,1,1,Friendly,Glasgow,Scotland,False
2005-11-12 00:00:00,South Africa,Senegal,2,3,Friendly,Port Elizabeth,South Africa,False
2005-11-12 00:00:00,Spain,Slovakia,5,1,FIFA World Cup qualification,Madrid,Spain,False
2005-11-12 00:00:00,Switzerland,Turkey,2,0,FIFA World Cup qualification,Berne,Switzerland,False
2005-11-12 00:00:00,Trinidad and Tobago,Bahrain,1,1,FIFA World Cup qualification,Port of Spain,Trinidad and Tobago,False
2005-11-12 00:00:00,United Arab Emirates,Brazil,0,8,Friendly,Abu Dhabi,United Arab Emirates,False
2005-11-12 00:00:00,Uruguay,Australia,1,0,FIFA World Cup qualification,Montevideo,Uruguay,False
2005-11-13 00:00:00,China PR,Serbia,0,2,Friendly,Nanjing,China PR,False
2005-11-13 00:00:00,Ecuador,Poland,0,3,Friendly,Barcelona,Spain,True
2005-11-13 00:00:00,Iran,Togo,2,0,Friendly,Tehran,Iran,False
2005-11-14 00:00:00,Saudi Arabia,Ghana,1,3,Friendly,Jeddah,Saudi Arabia,False
2005-11-15 00:00:00,Morocco,Cameroon,0,0,Friendly,Clairfontaine,France,True
2005-11-15 00:00:00,Northern Ireland,Portugal,1,1,Friendly,Belfast,Northern Ireland,False
2005-11-16 00:00:00,Australia,Uruguay,1,0,FIFA World Cup qualification,Sydney,Australia,False
2005-11-16 00:00:00,Bahrain,Trinidad and Tobago,0,1,FIFA World Cup qualification,Riffa,Bahrain,False
2005-11-16 00:00:00,Cyprus,Wales,1,0,Friendly,Limassol,Cyprus,False
2005-11-16 00:00:00,Czech Republic,Norway,1,0,FIFA World Cup qualification,Prague,Czech Republic,False
2005-11-16 00:00:00,Egypt,Tunisia,1,2,Friendly,Cairo,Egypt,False
2005-11-16 00:00:00,Georgia,Jordan,3,2,Friendly,Tbilisi,Georgia,False
2005-11-16 00:00:00,Greece,Hungary,2,1,Friendly,Piraeus,Greece,False
2005-11-16 00:00:00,Ivory Coast,Italy,1,1,Friendly,Geneva,Switzerland,True
2005-11-16 00:00:00,Japan,Angola,1,0,Friendly,Tokyo,Japan,False
2005-11-16 00:00:00,South Korea,Serbia,2,0,Friendly,Seoul,South Korea,False
2005-11-16 00:00:00,Libya,DR Congo,2,1,Friendly,Paris,France,True
2005-11-16 00:00:00,Luxembourg,Canada,0,1,Friendly,Hesperange,Luxembourg,False
2005-11-16 00:00:00,Mexico,Bulgaria,0,3,Friendly,Houston,United States,True
2005-11-16 00:00:00,Poland,Estonia,3,1,Friendly,Ostrowiec ≈öwiƒôtokrzyski,Poland,False
2005-11-16 00:00:00,Qatar,Argentina,0,3,Friendly,Doha,Qatar,False
2005-11-16 00:00:00,Romania,Nigeria,3,0,Friendly,Bucharest,Romania,False
2005-11-16 00:00:00,Slovakia,Spain,1,1,FIFA World Cup qualification,Bratislava,Slovakia,False
2005-11-16 00:00:00,Syria,United Arab Emirates,0,3,Friendly,Damascus,Syria,False
2005-11-16 00:00:00,Turkey,Switzerland,4,2,FIFA World Cup qualification,Istanbul,Turkey,False
2005-11-18 00:00:00,Guinea,Guinea-Bissau,2,2,Am√≠lcar Cabral Cup,Conakry,Guinea,False
2005-11-20 00:00:00,Guinea-Bissau,Sierra Leone,1,1,Am√≠lcar Cabral Cup,Conakry,Guinea,True
2005-11-22 00:00:00,Guinea,Sierra Leone,1,0,Am√≠lcar Cabral Cup,Conakry,Guinea,False
2005-11-24 00:00:00,Sudan,Ethiopia,1,5,Friendly,Khartoum,Sudan,False
2005-11-26 00:00:00,Kuwait,Iraq,0,0,Friendly,Kuwait City,Kuwait,False
2005-11-26 00:00:00,Rwanda,Zanzibar,0,1,CECAFA Cup,Kigali,Rwanda,False
2005-11-27 00:00:00,Djibouti,Somalia,1,2,CECAFA Cup,Kigali,Rwanda,True
2005-11-27 00:00:00,Ethiopia,Uganda,0,0,CECAFA Cup,Kigali,Rwanda,True
2005-11-28 00:00:00,Burundi,Tanzania,1,2,CECAFA Cup,Kigali,Rwanda,True
2005-11-28 00:00:00,Eritrea,Zanzibar,0,3,CECAFA Cup,Kigali,Rwanda,True
2005-11-29 00:00:00,Somalia,Sudan,1,4,CECAFA Cup,Kigali,Rwanda,True
2005-11-30 00:00:00,Burundi,Zanzibar,1,2,CECAFA Cup,Kigali,Rwanda,True
2005-11-30 00:00:00,Djibouti,Uganda,1,6,CECAFA Cup,Kigali,Rwanda,True
2005-11-30 00:00:00,Rwanda,Eritrea,3,2,CECAFA Cup,Kigali,Rwanda,False
2005-12-01 00:00:00,Ethiopia,Sudan,3,1,CECAFA Cup,Kigali,Rwanda,True
2005-12-01 00:00:00,Iraq,Palestine,4,0,Friendly,Al Rayyan,Qatar,True
2005-12-01 00:00:00,Somalia,Uganda,0,7,CECAFA Cup,Kigali,Rwanda,True
2005-12-02 00:00:00,Burundi,Eritrea,0,0,CECAFA Cup,Kigali,Rwanda,True
2005-12-02 00:00:00,Tanzania,Zanzibar,1,1,CECAFA Cup,Kigali,Rwanda,True
2005-12-02 00:00:00,United Arab Emirates,Libya,1,1,Friendly,Sharjah,United Arab Emirates,False
2005-12-03 00:00:00,Djibouti,Ethiopia,0,6,CECAFA Cup,Kigali,Rwanda,True
2005-12-03 00:00:00,Oman,Syria,1,3,Friendly,Doha,Qatar,True
2005-12-03 00:00:00,Saudi Arabia,Palestine,2,0,Friendly,Al Rayyan,Qatar,True
2005-12-03 00:00:00,Sudan,Uganda,0,3,CECAFA Cup,Kigali,Rwanda,True
2005-12-04 00:00:00,Bahrain,Syria,2,2,Friendly,Doha,Qatar,True
2005-12-04 00:00:00,Eritrea,Tanzania,0,1,CECAFA Cup,Kigali,Rwanda,True
2005-12-04 00:00:00,Rwanda,Burundi,2,0,CECAFA Cup,Kigali,Rwanda,False
2005-12-05 00:00:00,Djibouti,Sudan,0,4,CECAFA Cup,Kigali,Rwanda,True
2005-12-05 00:00:00,Ethiopia,Somalia,3,1,CECAFA Cup,Kigali,Rwanda,True
2005-12-05 00:00:00,Iraq,Saudi Arabia,5,1,Friendly,Al Rayyan,Qatar,True
2005-12-06 00:00:00,Bahrain,Oman,2,2,Friendly,Doha,Qatar,True
2005-12-06 00:00:00,Rwanda,Tanzania,3,1,CECAFA Cup,Kigali,Rwanda,False
2005-12-07 00:00:00,Maldives,Afghanistan,9,1,SAFF Cup,Karachi,Pakistan,True
2005-12-07 00:00:00,Pakistan,Sri Lanka,1,0,SAFF Cup,Karachi,Pakistan,False
2005-12-08 00:00:00,Bangladesh,Bhutan,3,0,SAFF Cup,Karachi,Pakistan,True
2005-12-08 00:00:00,India,Nepal,2,1,SAFF Cup,Karachi,Pakistan,True
2005-12-08 00:00:00,Iraq,Saudi Arabia,2,0,Friendly,Doha,Qatar,True
2005-12-08 00:00:00,Rwanda,Uganda,1,0,CECAFA Cup,Kigali,Rwanda,False
2005-12-08 00:00:00,Zanzibar,Ethiopia,0,4,CECAFA Cup,Kigali,Rwanda,True
2005-12-09 00:00:00,Maldives,Sri Lanka,2,0,SAFF Cup,Karachi,Pakistan,True
2005-12-09 00:00:00,Pakistan,Afghanistan,1,0,SAFF Cup,Karachi,Pakistan,False
2005-12-10 00:00:00,Bangladesh,Nepal,2,0,SAFF Cup,Karachi,Pakistan,True
2005-12-10 00:00:00,India,Bhutan,3,0,SAFF Cup,Karachi,Pakistan,True
2005-12-10 00:00:00,Rwanda,Ethiopia,0,1,CECAFA Cup,Kigali,Rwanda,False
2005-12-10 00:00:00,Syria,Iraq,2,2,Friendly,Doha,Qatar,True
2005-12-10 00:00:00,Zanzibar,Uganda,0,0,CECAFA Cup,Kigali,Rwanda,True
2005-12-11 00:00:00,DR Congo,Zambia,1,1,Friendly,Lubumbashi,DR Congo,False
2005-12-11 00:00:00,Pakistan,Maldives,0,0,SAFF Cup,Karachi,Pakistan,False
2005-12-11 00:00:00,Sri Lanka,Afghanistan,1,2,SAFF Cup,Karachi,Pakistan,True
2005-12-12 00:00:00,Bangladesh,India,1,1,SAFF Cup,Karachi,Pakistan,True
2005-12-12 00:00:00,Nepal,Bhutan,3,1,SAFF Cup,Karachi,Pakistan,True
2005-12-14 00:00:00,Maldives,India,0,1,SAFF Cup,Karachi,Pakistan,True
2005-12-14 00:00:00,Mexico,Hungary,2,0,Friendly,Phoenix,United States,True
2005-12-14 00:00:00,Pakistan,Bangladesh,0,1,SAFF Cup,Karachi,Pakistan,False
2005-12-14 00:00:00,Zambia,DR Congo,4,1,Friendly,Chingola,Zambia,False
2005-12-16 00:00:00,Mauritius,R√©union,1,1,Friendly,Curepipe,Mauritius,False
2005-12-17 00:00:00,Bangladesh,India,0,2,SAFF Cup,Karachi,Pakistan,True
2005-12-18 00:00:00,Antigua and Barbuda,Hungary,0,3,Friendly,Miami,United States,True
2005-12-18 00:00:00,R√©union,Mauritius,1,2,Friendly,Saint-Pierre,R√©union,False
2005-12-22 00:00:00,Bangladesh,Pakistan,0,0,AFC Asian Cup qualification,Dhaka,Bangladesh,False
2005-12-24 00:00:00,Thailand,Latvia,1,1,King's Cup,Phang Nga,Thailand,False
2005-12-25 00:00:00,Galicia,Uruguay,3,2,Friendly,Santiago de Compostela,Spain,False
2005-12-26 00:00:00,North Korea,Latvia,1,1,King's Cup,Phuket,Thailand,True
2005-12-26 00:00:00,Pakistan,Bangladesh,0,1,AFC Asian Cup qualification,Karachi,Pakistan,False
2005-12-27 00:00:00,Ecuador,Senegal,1,2,Friendly,Cairo,Egypt,True
2005-12-27 00:00:00,Egypt,Uganda,2,0,Friendly,Cairo,Egypt,False
2005-12-28 00:00:00,Thailand,North Korea,0,2,King's Cup,Phuket,Thailand,False
2005-12-28 00:00:00,Basque Country,Cameroon,0,1,Friendly,Bilbao,Spain,False
2005-12-28 00:00:00,Catalonia,Paraguay,1,1,Friendly,Barcelona,Spain,False
2005-12-28 00:00:00,Andalusia,China PR,4,1,Friendly,C√°diz,Spain,False
2005-12-29 00:00:00,Ecuador,Uganda,1,2,Friendly,Cairo,Egypt,True
2005-12-29 00:00:00,Egypt,Senegal,4,2,Friendly,Cairo,Egypt,False
2005-12-30 00:00:00,Latvia,North Korea,2,1,King's Cup,Phuket,Thailand,True
2006-01-02 00:00:00,Qatar,Libya,2,0,Friendly,Doha,Qatar,False
2006-01-05 00:00:00,Egypt,Zimbabwe,2,0,Friendly,Alexandria,Egypt,False
2006-01-07 00:00:00,Guinea,Togo,1,0,Friendly,Viry-Ch√¢tillon,France,True
2006-01-09 00:00:00,Morocco,DR Congo,3,0,Friendly,Rabat,Morocco,False
2006-01-11 00:00:00,Ghana,Togo,0,1,Friendly,Monastir,Tunisia,True
2006-01-12 00:00:00,Tunisia,Libya,1,0,Friendly,Tunis,Tunisia,False
2006-01-14 00:00:00,Egypt,South Africa,1,2,Friendly,Cairo,Egypt,False
2006-01-14 00:00:00,Morocco,Zimbabwe,1,0,Friendly,Marrakech,Morocco,False
2006-01-14 00:00:00,Senegal,DR Congo,0,0,Friendly,Dakar,Senegal,False
2006-01-15 00:00:00,Tunisia,Ghana,2,0,Friendly,Tunis,Tunisia,False
2006-01-17 00:00:00,Ivory Coast,Jordan,2,0,Friendly,Abu Dhabi,United Arab Emirates,True
2006-01-17 00:00:00,Morocco,Angola,2,2,Friendly,Marrakech,Morocco,False
2006-01-18 00:00:00,Saudi Arabia,Sweden,1,1,Friendly,Riyadh,Saudi Arabia,False
2006-01-18 00:00:00,United Arab Emirates,South Korea,1,0,Friendly,Dubai,United Arab Emirates,False
2006-01-20 00:00:00,Egypt,Libya,3,0,African Cup of Nations,Cairo,Egypt,False
2006-01-21 00:00:00,Cameroon,Angola,3,1,African Cup of Nations,Cairo,Egypt,True
2006-01-21 00:00:00,Greece,South Korea,1,1,Friendly,Riyadh,Saudi Arabia,True
2006-01-21 00:00:00,Morocco,Ivory Coast,0,1,African Cup of Nations,Cairo,Egypt,True
2006-01-21 00:00:00,Saudi Arabia,Finland,1,1,Friendly,Riyadh,Saudi Arabia,False
2006-01-21 00:00:00,Togo,DR Congo,0,2,African Cup of Nations,Cairo,Egypt,True
2006-01-22 00:00:00,South Africa,Guinea,0,2,African Cup of Nations,Alexandria,Egypt,True
2006-01-22 00:00:00,Tunisia,Zambia,4,1,African Cup of Nations,Alexandria,Egypt,True
2006-01-22 00:00:00,United States,Canada,0,0,Friendly,San Diego,United States,False
2006-01-23 00:00:00,Jordan,Sweden,0,0,Friendly,Abu Dhabi,United Arab Emirates,True
2006-01-23 00:00:00,Nigeria,Ghana,1,0,African Cup of Nations,Port Said,Egypt,True
2006-01-23 00:00:00,Zimbabwe,Senegal,0,2,African Cup of Nations,Port Said,Egypt,True
2006-01-24 00:00:00,Egypt,Morocco,0,0,African Cup of Nations,Cairo,Egypt,False
2006-01-24 00:00:00,Libya,Ivory Coast,1,2,African Cup of Nations,Cairo,Egypt,True
2006-01-25 00:00:00,Angola,DR Congo,0,0,African Cup of Nations,Cairo,Egypt,True
2006-01-25 00:00:00,Cameroon,Togo,2,0,African Cup of Nations,Cairo,Egypt,True
2006-01-25 00:00:00,Ecuador,Honduras,1,0,Friendly,Guayaquil,Ecuador,False
2006-01-25 00:00:00,Finland,South Korea,0,1,Friendly,Riyadh,Saudi Arabia,True
2006-01-25 00:00:00,Mexico,Norway,2,1,Friendly,San Francisco,United States,True
2006-01-25 00:00:00,Saudi Arabia,Greece,1,1,Friendly,Riyadh,Saudi Arabia,False
2006-01-26 00:00:00,Tunisia,South Africa,2,0,African Cup of Nations,Alexandria,Egypt,True
2006-01-26 00:00:00,Zambia,Guinea,1,2,African Cup of Nations,Alexandria,Egypt,True
2006-01-27 00:00:00,Ghana,Senegal,1,0,African Cup of Nations,Port Said,Egypt,True
2006-01-27 00:00:00,Nigeria,Zimbabwe,2,0,African Cup of Nations,Port Said,Egypt,True
2006-01-27 00:00:00,Northern Cyprus,Kyrgyzstan,3,2,Friendly,Nicosia,Northern Cyprus,False
2006-01-27 00:00:00,Saudi Arabia,Lebanon,1,2,Friendly,Riyadh,Saudi Arabia,False
2006-01-28 00:00:00,Egypt,Ivory Coast,3,1,African Cup of Nations,Cairo,Egypt,False
2006-01-28 00:00:00,Libya,Morocco,0,0,African Cup of Nations,Cairo,Egypt,True
2006-01-29 00:00:00,Angola,Togo,3,2,African Cup of Nations,Cairo,Egypt,True
2006-01-29 00:00:00,Cameroon,DR Congo,2,0,African Cup of Nations,Cairo,Egypt,True
2006-01-29 00:00:00,South Korea,Croatia,2,0,Lunar New Year Cup,So Kon Po,Hong Kong,True
2006-01-29 00:00:00,United States,Norway,5,0,Friendly,Carson,United States,False
2006-01-30 00:00:00,Bahrain,Syria,1,1,Friendly,Manama,Bahrain,False
2006-01-30 00:00:00,Tunisia,Guinea,0,3,African Cup of Nations,Alexandria,Egypt,True
2006-01-30 00:00:00,Zambia,South Africa,1,0,African Cup of Nations,Alexandria,Egypt,True
2006-01-31 00:00:00,Ghana,Zimbabwe,1,2,African Cup of Nations,Ismaila,Egypt,True
2006-01-31 00:00:00,Nigeria,Senegal,2,1,African Cup of Nations,Port Said,Egypt,True
2006-02-01 00:00:00,Hong Kong,Croatia,0,4,Lunar New Year Cup,So Kon Po,Hong Kong,False
2006-02-01 00:00:00,Thailand,Jordan,0,0,Friendly,Ayutthaya,Thailand,False
2006-02-03 00:00:00,Egypt,DR Congo,4,1,African Cup of Nations,Cairo,Egypt,False
2006-02-03 00:00:00,Guinea,Senegal,2,3,African Cup of Nations,Alexandria,Egypt,True
2006-02-04 00:00:00,Cameroon,Ivory Coast,1,1,African Cup of Nations,Cairo,Egypt,True
2006-02-04 00:00:00,Nigeria,Tunisia,1,1,African Cup of Nations,Port Said,Egypt,True
2006-02-06 00:00:00,Oman,Singapore,1,0,Friendly,Doha,Qatar,True
2006-02-07 00:00:00,Egypt,Senegal,2,1,African Cup of Nations,Cairo,Egypt,False
2006-02-07 00:00:00,Kuwait,Jordan,2,1,Friendly,Kuwait City,Kuwait,False
2006-02-07 00:00:00,Nigeria,Ivory Coast,0,1,African Cup of Nations,Alexandria,Egypt,True
2006-02-07 00:00:00,Syria,Palestine,3,0,Friendly,Aleppo,Syria,False
2006-02-09 00:00:00,Senegal,Nigeria,0,1,African Cup of Nations,Cairo,Egypt,True
2006-02-10 00:00:00,Egypt,Ivory Coast,0,0,African Cup of Nations,Cairo,Egypt,False
2006-02-10 00:00:00,United States,Japan,3,2,Friendly,San Francisco,United States,False
2006-02-11 00:00:00,Costa Rica,South Korea,1,0,Friendly,Oakland,United States,True
2006-02-12 00:00:00,China PR,Honduras,0,1,Friendly,Guangzhou,China PR,False
2006-02-13 00:00:00,Oman,Iraq,1,0,Friendly,Muscat,Oman,False
2006-02-14 00:00:00,Jordan,Kazakhstan,2,0,Friendly,Amman,Jordan,False
2006-02-14 00:00:00,Qatar,Tajikistan,2,0,Friendly,Doha,Qatar,False
2006-02-14 00:00:00,Saudi Arabia,Syria,1,1,Friendly,Jeddah,Saudi Arabia,False
2006-02-15 00:00:00,Hong Kong,Singapore,1,1,Friendly,Victoria,Hong Kong,False
2006-02-15 00:00:00,Mexico,South Korea,0,1,Friendly,Los Angeles,United States,True
2006-02-16 00:00:00,Bahrain,Palestine,0,2,Friendly,Muharraq,Bahrain,False
2006-02-16 00:00:00,Thailand,Iraq,4,3,Friendly,Ayutthaya,Thailand,False
2006-02-18 00:00:00,Hong Kong,India,2,2,Friendly,Victoria,Hong Kong,False
2006-02-18 00:00:00,Japan,Finland,2,0,Friendly,Fukuroi,Japan,False
2006-02-18 00:00:00,Pakistan,Palestine,0,3,Friendly,Muharraq,Bahrain,True
2006-02-19 00:00:00,New Zealand,Malaysia,1,0,Friendly,Christchurch,New Zealand,False
2006-02-19 00:00:00,United States,Guatemala,4,0,Friendly,Frisco,United States,False
2006-02-22 00:00:00,Bahrain,Australia,1,3,AFC Asian Cup qualification,Riffa,Bahrain,False
2006-02-22 00:00:00,China PR,Palestine,2,0,AFC Asian Cup qualification,Guangzhou,China PR,False
2006-02-22 00:00:00,Hong Kong,Qatar,0,3,AFC Asian Cup qualification,So Kon Po,Hong Kong,False
2006-02-22 00:00:00,Iran,Taiwan,4,0,AFC Asian Cup qualification,Tehran,Iran,False
2006-02-22 00:00:00,Japan,India,6,0,AFC Asian Cup qualification,Yokohama,Japan,False
2006-02-22 00:00:00,Jordan,Pakistan,3,0,AFC Asian Cup qualification,Amman,Jordan,False
2006-02-22 00:00:00,Lebanon,Kuwait,1,1,AFC Asian Cup qualification,Beirut,Lebanon,False
2006-02-22 00:00:00,Singapore,Iraq,2,0,AFC Asian Cup qualification,Singapore,Singapore,False
2006-02-22 00:00:00,Syria,South Korea,1,2,AFC Asian Cup qualification,Aleppo,Syria,False
2006-02-22 00:00:00,United Arab Emirates,Oman,1,0,AFC Asian Cup qualification,Dubai,United Arab Emirates,False
2006-02-22 00:00:00,Uzbekistan,Bangladesh,5,0,AFC Asian Cup qualification,Tashkent,Uzbekistan,False
2006-02-22 00:00:00,Yemen,Saudi Arabia,0,4,AFC Asian Cup qualification,Sana'a,Yemen,False
2006-02-23 00:00:00,New Zealand,Malaysia,2,1,Friendly,North Shore,New Zealand,False
2006-02-24 00:00:00,Guyana,Antigua and Barbuda,2,1,Friendly,Linden,Guyana,False
2006-02-24 00:00:00,Kazakhstan,North Korea,0,0,Friendly,Larnaca,Cyprus,True
2006-02-25 00:00:00,Saint Kitts and Nevis,Saint Martin,6,1,Friendly,Basseterre,Saint Kitts and Nevis,False
2006-02-26 00:00:00,Guyana,Antigua and Barbuda,4,1,Friendly,Georgetown,Guyana,False
2006-02-28 00:00:00,Algeria,Burkina Faso,0,0,Friendly,Rouen,France,True
2006-02-28 00:00:00,Azerbaijan,Ukraine,0,0,Friendly,Baku,Azerbaijan,False
2006-02-28 00:00:00,Bosnia and Herzegovina,Japan,2,2,Friendly,Dortmund,Germany,True
2006-02-28 00:00:00,Cyprus,Slovenia,0,1,Cyprus International Tournament,Larnaca,Cyprus,False
2006-02-28 00:00:00,Finland,Kazakhstan,0,0,Cyprus International Tournament,Larnaca,Cyprus,True
2006-02-28 00:00:00,Greece,Belarus,1,0,Cyprus International Tournament,Limassol,Cyprus,True
2006-02-28 00:00:00,Iceland,Trinidad and Tobago,0,2,Friendly,London,England,True
2006-02-28 00:00:00,Romania,Armenia,2,0,Cyprus International Tournament,Nicosia,Cyprus,True
2006-03-01 00:00:00,Albania,Lithuania,1,2,Friendly,Tirana,Albania,False
2006-03-01 00:00:00,Argentina,Croatia,2,3,Friendly,Basel,Switzerland,True
2006-03-01 00:00:00,Austria,Canada,0,2,Friendly,Vienna,Austria,False
2006-03-01 00:00:00,Bangladesh,Hong Kong,0,1,AFC Asian Cup qualification,Dhaka,Bangladesh,False
2006-03-01 00:00:00,Cyprus,Armenia,2,0,Cyprus International Tournament,Limassol,Cyprus,False
2006-03-01 00:00:00,England,Uruguay,2,1,Friendly,Liverpool,England,False
2006-03-01 00:00:00,Finland,Belarus,2,2,Cyprus International Tournament,Paphos,Cyprus,True
2006-03-01 00:00:00,France,Slovakia,1,2,Friendly,Saint-Denis,France,False
2006-03-01 00:00:00,India,Yemen,0,3,AFC Asian Cup qualification,New Delhi,India,False
2006-03-01 00:00:00,Iran,Costa Rica,3,2,Friendly,Tehran,Iran,False
2006-03-01 00:00:00,Iraq,China PR,2,1,AFC Asian Cup qualification,Al Ain,United Arab Emirates,True
2006-03-01 00:00:00,Republic of Ireland,Sweden,3,0,Friendly,Dublin,Republic of Ireland,False
2006-03-01 00:00:00,Israel,Denmark,0,2,Friendly,Ramat-Gan,Israel,False
2006-03-01 00:00:00,Italy,Germany,4,1,Friendly,Florence,Italy,False
2006-03-01 00:00:00,Kazakhstan,Greece,0,2,Cyprus International Tournament,Nicosia,Cyprus,True
2006-03-01 00:00:00,South Korea,Angola,1,0,Friendly,Seoul,South Korea,False
2006-03-01 00:00:00,Kuwait,Bahrain,0,0,AFC Asian Cup qualification,Kuwait City,Kuwait,False
2006-03-01 00:00:00,Luxembourg,Belgium,0,2,Friendly,Luxembourg,Luxembourg,False
2006-03-01 00:00:00,North Macedonia,Bulgaria,0,1,Friendly,Skopje,North Macedonia,False
2006-03-01 00:00:00,Malta,Georgia,0,2,Malta International Tournament,Attard,Malta,False
2006-03-01 00:00:00,Mexico,Ghana,1,0,Friendly,Frisco,United States,True
2006-03-01 00:00:00,Netherlands,Ecuador,1,0,Friendly,Amsterdam,Netherlands,False
2006-03-01 00:00:00,Northern Ireland,Estonia,1,0,Friendly,Belfast,Northern Ireland,False
2006-03-01 00:00:00,Oman,Jordan,3,0,AFC Asian Cup qualification,Muscat,Oman,False
2006-03-01 00:00:00,Pakistan,United Arab Emirates,1,4,AFC Asian Cup qualification,Karachi,Pakistan,False
2006-03-01 00:00:00,Palestine,Singapore,1,0,AFC Asian Cup qualification,Amman,Jordan,True
2006-03-01 00:00:00,Poland,United States,0,1,Friendly,Kaiserslautern,Germany,True
2006-03-01 00:00:00,Qatar,Uzbekistan,2,1,AFC Asian Cup qualification,Doha,Qatar,False
2006-03-01 00:00:00,Russia,Brazil,0,1,Friendly,Moscow,Russia,False
2006-03-01 00:00:00,Saudi Arabia,Portugal,0,3,Friendly,D√ºsseldorf,Germany,True
2006-03-01 00:00:00,Scotland,Switzerland,1,3,Friendly,Glasgow,Scotland,False
2006-03-01 00:00:00,Senegal,Norway,2,1,Friendly,Dakar,Senegal,False
2006-03-01 00:00:00,Slovenia,Romania,0,2,Cyprus International Tournament,Larnaca,Cyprus,True
2006-03-01 00:00:00,Spain,Ivory Coast,3,2,Friendly,Valladolid,Spain,False
2006-03-01 00:00:00,Tunisia,Serbia,0,1,Friendly,Rad√®s,Tunisia,False
2006-03-01 00:00:00,Turkey,Czech Republic,2,2,Friendly,ƒ∞zmir,Turkey,False
2006-03-01 00:00:00,Venezuela,Colombia,1,1,Friendly,Maracaibo,Venezuela,False
2006-03-01 00:00:00,Wales,Paraguay,0,0,Friendly,Cardiff,Wales,False
2006-03-15 00:00:00,Saudi Arabia,Iraq,2,2,Friendly,Jeddah,Saudi Arabia,False
2006-03-22 00:00:00,Albania,Georgia,0,0,Friendly,Tirana,Albania,False
2006-03-22 00:00:00,Germany,United States,4,1,Friendly,Dortmund,Germany,False
2006-03-26 00:00:00,Thailand,Philippines,5,0,Friendly,Chonburi,Thailand,False
2006-03-28 00:00:00,Saudi Arabia,Poland,1,2,Friendly,Riyadh,Saudi Arabia,False
2006-03-29 00:00:00,Equatorial Guinea,Benin,2,0,Friendly,Bata,Equatorial Guinea,False
2006-03-29 00:00:00,Mexico,Paraguay,2,1,Friendly,Chicago,United States,True
2006-03-30 00:00:00,Japan,Ecuador,1,0,Friendly,≈åita,Japan,False
2006-04-01 00:00:00,Bangladesh,Cambodia,2,1,AFC Challenge Cup,Dhaka,Bangladesh,False
2006-04-01 00:00:00,Palestine,Guam,11,0,AFC Challenge Cup,Dhaka,Bangladesh,True
2006-04-01 00:00:00,Tanzania,Zanzibar,2,2,Friendly,Dar es Salaam,Tanzania,False
2006-04-02 00:00:00,Kyrgyzstan,Pakistan,0,1,AFC Challenge Cup,Dhaka,Bangladesh,True
2006-04-02 00:00:00,Nepal,Bhutan,2,0,AFC Challenge Cup,Chittagong,Bangladesh,True
2006-04-02 00:00:00,Sri Lanka,Brunei,1,0,AFC Challenge Cup,Chittagong,Bangladesh,True
2006-04-02 00:00:00,Tajikistan,Macau,4,0,AFC Challenge Cup,Dhaka,Bangladesh,True
2006-04-03 00:00:00,Afghanistan,Taiwan,2,2,AFC Challenge Cup,Chittagong,Bangladesh,True
2006-04-03 00:00:00,Bangladesh,Guam,3,0,AFC Challenge Cup,Dhaka,Bangladesh,False
2006-04-03 00:00:00,Cambodia,Palestine,0,4,AFC Challenge Cup,Dhaka,Bangladesh,True
2006-04-04 00:00:00,Bhutan,Sri Lanka,0,1,AFC Challenge Cup,Chittagong,Bangladesh,True
2006-04-04 00:00:00,Brunei,Nepal,2,1,AFC Challenge Cup,Chittagong,Bangladesh,True
2006-04-04 00:00:00,Pakistan,Tajikistan,0,2,AFC Challenge Cup,Dhaka,Bangladesh,True
2006-04-05 00:00:00,Bangladesh,Palestine,1,1,AFC Challenge Cup,Dhaka,Bangladesh,False
2006-04-05 00:00:00,Philippines,Afghanistan,1,1,AFC Challenge Cup,Chittagong,Bangladesh,True
2006-04-06 00:00:00,Bhutan,Brunei,0,0,AFC Challenge Cup,Chittagong,Bangladesh,True
2006-04-06 00:00:00,Cambodia,Guam,3,0,AFC Challenge Cup,Dhaka,Bangladesh,True
2006-04-06 00:00:00,Pakistan,Macau,2,2,AFC Challenge Cup,Dhaka,Bangladesh,True
2006-04-06 00:00:00,Sri Lanka,Nepal,1,1,AFC Challenge Cup,Chittagong,Bangladesh,True
2006-04-06 00:00:00,Tajikistan,Kyrgyzstan,0,1,AFC Challenge Cup,Dhaka,Bangladesh,True
2006-04-07 00:00:00,Macau,Kyrgyzstan,0,2,AFC Challenge Cup,Dhaka,Bangladesh,True
2006-04-08 00:00:00,Sri Lanka,Taiwan,3,0,AFC Challenge Cup,Chittagong,Bangladesh,True
2006-04-09 00:00:00,Palestine,Kyrgyzstan,0,1,AFC Challenge Cup,Dhaka,Bangladesh,True
2006-04-10 00:00:00,Bangladesh,Tajikistan,1,6,AFC Challenge Cup,Dhaka,Bangladesh,False
2006-04-11 00:00:00,United States,Jamaica,1,1,Friendly,Cary,United States,False
2006-04-12 00:00:00,Azerbaijan,Turkey,1,1,Friendly,Baku,Azerbaijan,False
2006-04-12 00:00:00,Sri Lanka,Nepal,1,1,AFC Challenge Cup,Chittagong,Bangladesh,True
2006-04-13 00:00:00,Tajikistan,Kyrgyzstan,2,0,AFC Challenge Cup,Dhaka,Bangladesh,True
2006-04-14 00:00:00,Lesotho,Eswatini,5,0,Friendly,Maseru,Lesotho,False
2006-04-16 00:00:00,Lesotho,Eswatini,2,2,Friendly,Maseru,Lesotho,False
2006-04-16 00:00:00,Sri Lanka,Tajikistan,0,4,AFC Challenge Cup,Dhaka,Bangladesh,True
2006-04-22 00:00:00,Kosovo,Monaco,7,1,Friendly,Cap-d'Ail,France,True
2006-04-25 00:00:00,Chile,New Zealand,4,1,Friendly,Rancagua,Chile,False
2006-04-27 00:00:00,Chile,New Zealand,1,0,Friendly,La Calera,Chile,False
2006-04-29 00:00:00,Angola,Mauritius,5,1,COSAFA Cup,Maseru,Lesotho,True
2006-04-29 00:00:00,Lesotho,Mozambique,0,0,COSAFA Cup,Maseru,Lesotho,False
2006-04-30 00:00:00,Lesotho,Angola,1,3,COSAFA Cup,Maseru,Lesotho,False
2006-04-30 00:00:00,Mauritius,Mozambique,0,0,COSAFA Cup,Maseru,Lesotho,True
2006-05-01 00:00:00,Jersey,Guernsey,3,2,Friendly,St. Helier,Jersey,False
2006-05-02 00:00:00,Poland,Lithuania,0,1,Friendly,Be≈Çchat√≥w,Poland,False
2006-05-02 00:00:00,United Arab Emirates,Syria,2,1,Friendly,Dubai,United Arab Emirates,False
2006-05-05 00:00:00,Mexico,Venezuela,1,0,Friendly,Pasadena,United States,True
2006-05-09 00:00:00,Japan,Bulgaria,1,2,Kirin Cup,Osaka,Japan,False
2006-05-10 00:00:00,Lesotho,South Africa,0,0,Friendly,Maseru,Lesotho,False
2006-05-10 00:00:00,Trinidad and Tobago,Peru,1,1,Friendly,Port of Spain,Trinidad and Tobago,False
2006-05-11 00:00:00,Belgium,Saudi Arabia,2,1,Friendly,Sittard,Netherlands,True
2006-05-11 00:00:00,Bulgaria,Scotland,1,5,Kirin Cup,Kobe,Japan,True
2006-05-12 00:00:00,Mexico,DR Congo,2,1,Friendly,Mexico City,Mexico,False
2006-05-13 00:00:00,Japan,Scotland,0,0,Kirin Cup,Saitama,Japan,False
2006-05-14 00:00:00,Botswana,Zambia,0,0,Friendly,Gaborone,Botswana,False
2006-05-14 00:00:00,Poland,Faroe Islands,4,0,Friendly,Wronki,Poland,False
2006-05-14 00:00:00,Saudi Arabia,Togo,1,0,Friendly,Sittard,Netherlands,True
2006-05-18 00:00:00,Moldova,Azerbaijan,0,0,Friendly,Chi»ôinƒÉu,Moldova,False
2006-05-20 00:00:00,Botswana,Madagascar,2,0,COSAFA Cup,Gaborone,Botswana,False
2006-05-20 00:00:00,Guadeloupe,Saint Lucia,2,1,Friendly,Les Abymes,Guadeloupe,False
2006-05-20 00:00:00,Slovakia,Belgium,1,1,Friendly,Trnava,Slovakia,False
2006-05-20 00:00:00,South Africa,Eswatini,1,0,COSAFA Cup,Gaborone,Botswana,True
2006-05-21 00:00:00,Botswana,South Africa,0,0,COSAFA Cup,Gaborone,Botswana,False
2006-05-21 00:00:00,Madagascar,Eswatini,0,2,COSAFA Cup,Gaborone,Botswana,True
2006-05-21 00:00:00,Northern Ireland,Uruguay,0,1,Friendly,East Rutherford,United States,True
2006-05-21 00:00:00,Basque Country,Wales,0,1,Friendly,Bilbao,Spain,False
2006-05-23 00:00:00,Austria,Croatia,1,4,Friendly,Vienna,Austria,False
2006-05-23 00:00:00,South Korea,Senegal,1,1,Friendly,Seoul,South Korea,False
2006-05-23 00:00:00,Romania,Uruguay,0,2,Friendly,Los Angeles,United States,True
2006-05-23 00:00:00,United States,Morocco,0,1,Friendly,Nashville,United States,False
2006-05-24 00:00:00,Belgium,Turkey,3,3,Friendly,Genk,Belgium,False
2006-05-24 00:00:00,Colombia,Ecuador,1,1,Friendly,East Rutherford,United States,True
2006-05-24 00:00:00,Hungary,New Zealand,2,0,Friendly,Budapest,Hungary,False
2006-05-24 00:00:00,Republic of Ireland,Chile,0,1,Friendly,Dublin,Republic of Ireland,False
2006-05-24 00:00:00,Norway,Paraguay,2,2,Friendly,Oslo,Norway,False
2006-05-24 00:00:00,Catalonia,Costa Rica,2,0,Friendly,Terrassa,Spain,False
2006-05-25 00:00:00,Australia,Greece,1,0,Friendly,Melbourne,Australia,False
2006-05-25 00:00:00,Sweden,Finland,0,0,Friendly,Gothenburg,Sweden,False
2006-05-26 00:00:00,Czech Republic,Saudi Arabia,2,0,Friendly,Innsbruck,Austria,True
2006-05-26 00:00:00,South Korea,Bosnia and Herzegovina,2,0,Friendly,Seoul,South Korea,False
2006-05-26 00:00:00,Romania,Northern Ireland,2,0,Friendly,Chicago,United States,True
2006-05-26 00:00:00,Turkey,Ghana,1,1,Friendly,Bochum,Germany,True
2006-05-26 00:00:00,United States,Venezuela,2,0,Friendly,Cleveland,United States,False
2006-05-27 00:00:00,Denmark,Paraguay,1,1,Friendly,Aarhus,Denmark,False
2006-05-27 00:00:00,France,Mexico,1,0,Friendly,Saint-Denis,France,False
2006-05-27 00:00:00,Georgia,New Zealand,1,3,Friendly,Altenkirchen,Germany,True
2006-05-27 00:00:00,Germany,Luxembourg,7,0,Friendly,Freiburg,Germany,False
2006-05-27 00:00:00,Netherlands,Cameroon,1,0,Friendly,Rotterdam,Netherlands,False
2006-05-27 00:00:00,Portugal,Cape Verde,4,1,Friendly,√âvora,Portugal,False
2006-05-27 00:00:00,Romania,Colombia,0,0,Friendly,Chicago,United States,True
2006-05-27 00:00:00,Serbia,Uruguay,1,1,Friendly,Belgrade,Serbia and Montenegro,False
2006-05-27 00:00:00,Spain,Russia,0,0,Friendly,Albacete,Spain,False
2006-05-27 00:00:00,Switzerland,Ivory Coast,1,1,Friendly,Basel,Switzerland,False
2006-05-27 00:00:00,Wales,Trinidad and Tobago,2,1,Friendly,Graz,Austria,True
2006-05-28 00:00:00,Croatia,Iran,2,2,Friendly,Osijek,Croatia,False
2006-05-28 00:00:00,North Macedonia,Ecuador,2,1,Friendly,Getafe,Spain,True
2006-05-28 00:00:00,Morocco,Mali,0,1,Friendly,Colombes,France,True
2006-05-28 00:00:00,Turkey,Estonia,1,1,Friendly,Hamburg,Germany,True
2006-05-28 00:00:00,Ukraine,Costa Rica,4,0,Friendly,Kyiv,Ukraine,False
2006-05-28 00:00:00,United States,Latvia,1,0,Friendly,East Hartford,United States,False
2006-05-29 00:00:00,Jamaica,Ghana,1,4,Friendly,Leicester,England,True
2006-05-29 00:00:00,Northern Cyprus,Greenland,1,0,FIFI Wild Cup,Hamburg,Germany,True
2006-05-29 00:00:00,Republic of St. Pauli,Gibraltar,1,1,FIFI Wild Cup,Hamburg,Germany,False
2006-05-30 00:00:00,Argentina,Angola,2,0,Friendly,Salerno,Italy,True
2006-05-30 00:00:00,Chile,Ivory Coast,1,1,Friendly,Vittel,France,True
2006-05-30 00:00:00,Czech Republic,Costa Rica,1,0,Friendly,Jablonec nad Nisou,Czech Republic,False
2006-05-30 00:00:00,England,Hungary,3,1,Friendly,Manchester,England,False
2006-05-30 00:00:00,Germany,Japan,2,2,Friendly,Leverkusen,Germany,False
2006-05-30 00:00:00,Libya,Uruguay,1,2,Friendly,Rad√®s,Tunisia,True
2006-05-30 00:00:00,Poland,Colombia,1,2,Friendly,Chorz√≥w,Poland,False
2006-05-30 00:00:00,Tunisia,Belarus,3,0,Friendly,Rad√®s,Tunisia,False
2006-05-30 00:00:00,Zanzibar,Northern Cyprus,1,3,FIFI Wild Cup,Hamburg,Germany,True
2006-05-30 00:00:00,Republic of St. Pauli,Tibet,7,0,FIFI Wild Cup,Hamburg,Germany,False
2006-05-31 00:00:00,Estonia,New Zealand,1,1,Friendly,Tallinn,Estonia,False
2006-05-31 00:00:00,France,Denmark,2,0,Friendly,Lens,France,False
2006-05-31 00:00:00,Georgia,Paraguay,0,1,Friendly,Dornbirn,Austria,True
2006-05-31 00:00:00,Gibraltar,Tibet,5,0,FIFI Wild Cup,Hamburg,Germany,True
2006-05-31 00:00:00,Greenland,Zanzibar,2,4,FIFI Wild Cup,Hamburg,Germany,True
2006-05-31 00:00:00,Iran,Bosnia and Herzegovina,5,2,Friendly,Tehran,Iran,False
2006-05-31 00:00:00,Saudi Arabia,Turkey,0,1,Friendly,Offenbach am Main,Germany,True
2006-05-31 00:00:00,Singapore,Malaysia,0,0,Friendly,Singapore,Singapore,False
2006-05-31 00:00:00,Slovenia,Trinidad and Tobago,3,1,Friendly,Celje,Slovenia,False
2006-05-31 00:00:00,Switzerland,Italy,1,1,Friendly,Geneva,Switzerland,False
2006-06-01 00:00:00,Netherlands,Mexico,2,1,Friendly,Eindhoven,Netherlands,False
2006-06-01 00:00:00,Northern Cyprus,Gibraltar,2,0,FIFI Wild Cup,Hamburg,Germany,True
2006-06-01 00:00:00,Republic of St. Pauli,Zanzibar,1,2,FIFI Wild Cup,Hamburg,Germany,False
2006-06-01 00:00:00,Norway,South Korea,0,0,Friendly,Oslo,Norway,False
2006-06-02 00:00:00,Angola,Turkey,2,3,Friendly,Sittard,Netherlands,True
2006-06-02 00:00:00,Germany,Colombia,3,0,Friendly,M√∂nchengladbach,Germany,False
2006-06-02 00:00:00,Italy,Ukraine,0,0,Friendly,Lausanne,Switzerland,True
2006-06-02 00:00:00,Libya,Belarus,1,1,Friendly,Rad√®s,Tunisia,True
2006-06-02 00:00:00,Liechtenstein,Togo,0,1,Friendly,Vaduz,Liechtenstein,False
2006-06-02 00:00:00,Sweden,Chile,1,1,Friendly,Solna,Sweden,False
2006-06-02 00:00:00,Tunisia,Uruguay,0,0,Friendly,Rad√®s,Tunisia,False
2006-06-03 00:00:00,Croatia,Poland,0,1,Friendly,Wolfsburg,Germany,True
2006-06-03 00:00:00,Czech Republic,Trinidad and Tobago,3,0,Friendly,Prague,Czech Republic,False
2006-06-03 00:00:00,England,Jamaica,6,0,Friendly,Manchester,England,False
2006-06-03 00:00:00,Luxembourg,Portugal,0,3,Friendly,Metz,France,True
2006-06-03 00:00:00,Macau,Hong Kong,0,0,Friendly,Macau,Macau,False
2006-06-03 00:00:00,Malaysia,Singapore,0,0,Friendly,Seremban,Malaysia,False
2006-06-03 00:00:00,Republic of St. Pauli,Gibraltar,1,2,FIFI Wild Cup,Hamburg,Germany,False
2006-06-03 00:00:00,Northern Cyprus,Zanzibar,0,0,FIFI Wild Cup,Hamburg,Germany,True
2006-06-03 00:00:00,Spain,Egypt,2,0,Friendly,Elche,Spain,False
2006-06-03 00:00:00,Switzerland,China PR,4,1,Friendly,Z√ºrich,Switzerland,False
2006-06-04 00:00:00,Algeria,Sudan,1,0,Friendly,Algiers,Algeria,False
2006-06-04 00:00:00,Brazil,New Zealand,4,0,Friendly,Geneva,Switzerland,True
2006-06-04 00:00:00,Colombia,Morocco,2,0,Friendly,Barcelona,Spain,True
2006-06-04 00:00:00,Ghana,South Korea,3,1,Friendly,Edinburgh,Scotland,True
2006-06-04 00:00:00,Japan,Malta,1,0,Friendly,D√ºsseldorf,Germany,True
2006-06-04 00:00:00,Netherlands,Australia,1,1,Friendly,Rotterdam,Netherlands,False
2006-06-04 00:00:00,Slovenia,Ivory Coast,0,3,Friendly,Bondoufle,France,True
2006-06-04 00:00:00,Turkey,North Macedonia,0,1,Friendly,Krefeld,Germany,True
2006-06-05 00:00:00,Ukraine,Libya,3,0,Friendly,Gossau,Switzerland,True
2006-06-07 00:00:00,Australia,Liechtenstein,3,1,Friendly,Ulm,Germany,True
2006-06-07 00:00:00,France,China PR,3,1,Friendly,Saint-√âtienne,France,False
2006-06-07 00:00:00,Spain,Croatia,2,1,Friendly,Geneva,Switzerland,True
2006-06-08 00:00:00,Luxembourg,Ukraine,0,3,Friendly,Luxembourg,Luxembourg,False
2006-06-09 00:00:00,Germany,Costa Rica,4,2,FIFA World Cup,Munich,Germany,False
2006-06-09 00:00:00,Poland,Ecuador,0,2,FIFA World Cup,Gelsenkirchen,Germany,True
2006-06-10 00:00:00,Argentina,Ivory Coast,2,1,FIFA World Cup,Hamburg,Germany,True
2006-06-10 00:00:00,England,Paraguay,1,0,FIFA World Cup,Frankfurt am Main,Germany,True
2006-06-10 00:00:00,Trinidad and Tobago,Sweden,0,0,FIFA World Cup,Dortmund,Germany,True
2006-06-11 00:00:00,Angola,Portugal,0,1,FIFA World Cup,Cologne,Germany,True
2006-06-11 00:00:00,Mexico,Iran,3,1,FIFA World Cup,Nuremberg,Germany,True
2006-06-11 00:00:00,Serbia,Netherlands,0,1,FIFA World Cup,Leipzig,Germany,True
2006-06-12 00:00:00,Australia,Japan,3,1,FIFA World Cup,Kaiserslautern,Germany,True
2006-06-12 00:00:00,Italy,Ghana,2,0,FIFA World Cup,Hanover,Germany,True
2006-06-12 00:00:00,United States,Czech Republic,0,3,FIFA World Cup,Gelsenkirchen,Germany,True
2006-06-13 00:00:00,Brazil,Croatia,1,0,FIFA World Cup,Berlin,Germany,True
2006-06-13 00:00:00,France,Switzerland,0,0,FIFA World Cup,Stuttgart,Germany,True
2006-06-13 00:00:00,South Korea,Togo,2,1,FIFA World Cup,Frankfurt am Main,Germany,True
2006-06-14 00:00:00,Germany,Poland,1,0,FIFA World Cup,Dortmund,Germany,False
2006-06-14 00:00:00,Spain,Ukraine,4,0,FIFA World Cup,Leipzig,Germany,True
2006-06-14 00:00:00,Tunisia,Saudi Arabia,2,2,FIFA World Cup,Munich,Germany,True
2006-06-15 00:00:00,Ecuador,Costa Rica,3,0,FIFA World Cup,Hamburg,Germany,True
2006-06-15 00:00:00,England,Trinidad and Tobago,2,0,FIFA World Cup,Nuremberg,Germany,True
2006-06-15 00:00:00,Sweden,Paraguay,1,0,FIFA World Cup,Berlin,Germany,True
2006-06-16 00:00:00,Argentina,Serbia,6,0,FIFA World Cup,Gelsenkirchen,Germany,True
2006-06-16 00:00:00,Mexico,Angola,0,0,FIFA World Cup,Hanover,Germany,True
2006-06-16 00:00:00,Netherlands,Ivory Coast,2,1,FIFA World Cup,Stuttgart,Germany,True
2006-06-17 00:00:00,Czech Republic,Ghana,0,2,FIFA World Cup,Cologne,Germany,True
2006-06-17 00:00:00,Italy,United States,1,1,FIFA World Cup,Kaiserslautern,Germany,True
2006-06-17 00:00:00,Portugal,Iran,2,0,FIFA World Cup,Frankfurt am Main,Germany,True
2006-06-18 00:00:00,Brazil,Australia,2,0,FIFA World Cup,Munich,Germany,True
2006-06-18 00:00:00,France,South Korea,1,1,FIFA World Cup,Leipzig,Germany,True
2006-06-18 00:00:00,Japan,Croatia,0,0,FIFA World Cup,Nuremberg,Germany,True
2006-06-19 00:00:00,Saudi Arabia,Ukraine,0,4,FIFA World Cup,Hamburg,Germany,True
2006-06-19 00:00:00,Spain,Tunisia,3,1,FIFA World Cup,Stuttgart,Germany,True
2006-06-19 00:00:00,Togo,Switzerland,0,2,FIFA World Cup,Dortmund,Germany,True
2006-06-20 00:00:00,Costa Rica,Poland,1,2,FIFA World Cup,Hanover,Germany,True
2006-06-20 00:00:00,Germany,Ecuador,3,0,FIFA World Cup,Berlin,Germany,False
2006-06-20 00:00:00,Paraguay,Trinidad and Tobago,2,0,FIFA World Cup,Kaiserslautern,Germany,True
2006-06-20 00:00:00,Sweden,England,2,2,FIFA World Cup,Cologne,Germany,True
2006-06-21 00:00:00,Iran,Angola,1,1,FIFA World Cup,Leipzig,Germany,True
2006-06-21 00:00:00,Ivory Coast,Serbia,3,2,FIFA World Cup,Munich,Germany,True
2006-06-21 00:00:00,Netherlands,Argentina,0,0,FIFA World Cup,Frankfurt am Main,Germany,True
2006-06-21 00:00:00,Portugal,Mexico,2,1,FIFA World Cup,Gelsenkirchen,Germany,True
2006-06-22 00:00:00,Croatia,Australia,2,2,FIFA World Cup,Stuttgart,Germany,True
2006-06-22 00:00:00,Czech Republic,Italy,0,2,FIFA World Cup,Hamburg,Germany,True
2006-06-22 00:00:00,Ghana,United States,2,1,FIFA World Cup,Nuremberg,Germany,True
2006-06-22 00:00:00,Japan,Brazil,1,4,FIFA World Cup,Dortmund,Germany,True
2006-06-23 00:00:00,Saudi Arabia,Spain,0,1,FIFA World Cup,Kaiserslautern,Germany,True
2006-06-23 00:00:00,Switzerland,South Korea,2,0,FIFA World Cup,Hanover,Germany,True
2006-06-23 00:00:00,Togo,France,0,2,FIFA World Cup,Cologne,Germany,True
2006-06-23 00:00:00,Ukraine,Tunisia,1,0,FIFA World Cup,Berlin,Germany,True
2006-06-24 00:00:00,Argentina,Mexico,2,1,FIFA World Cup,Leipzig,Germany,True
2006-06-24 00:00:00,Germany,Sweden,2,0,FIFA World Cup,Munich,Germany,False
2006-06-24 00:00:00,Malawi,Zimbabwe,1,1,Friendly,Maputo,Mozambique,True
2006-06-24 00:00:00,Mozambique,Eswatini,4,0,Friendly,Maputo,Mozambique,False
2006-06-25 00:00:00,England,Ecuador,1,0,FIFA World Cup,Stuttgart,Germany,True
2006-06-25 00:00:00,Mozambique,Malawi,1,2,Friendly,Maputo,Mozambique,False
2006-06-25 00:00:00,Portugal,Netherlands,1,0,FIFA World Cup,Nuremberg,Germany,True
2006-06-25 00:00:00,Eswatini,Zimbabwe,1,2,Friendly,Maputo,Mozambique,True
2006-06-26 00:00:00,Italy,Australia,1,0,FIFA World Cup,Kaiserslautern,Germany,True
2006-06-26 00:00:00,Mauritius,Tanzania,1,2,Friendly,Victoria,Seychelles,True
2006-06-26 00:00:00,Switzerland,Ukraine,0,0,FIFA World Cup,Cologne,Germany,True
2006-06-27 00:00:00,Brazil,Ghana,3,0,FIFA World Cup,Dortmund,Germany,True
2006-06-27 00:00:00,Spain,France,1,3,FIFA World Cup,Hanover,Germany,True
2006-06-28 00:00:00,Seychelles,Mauritius,2,1,Friendly,Victoria,Seychelles,False
2006-06-30 00:00:00,Germany,Argentina,1,1,FIFA World Cup,Berlin,Germany,False
2006-06-30 00:00:00,Italy,Ukraine,3,0,FIFA World Cup,Hamburg,Germany,True
2006-06-30 00:00:00,Seychelles,Tanzania,2,1,Friendly,Victoria,Seychelles,False
2006-07-01 00:00:00,Brazil,France,0,1,FIFA World Cup,Frankfurt am Main,Germany,True
2006-07-01 00:00:00,England,Portugal,0,0,FIFA World Cup,Gelsenkirchen,Germany,True
2006-07-02 00:00:00,Kazakhstan,Tajikistan,4,1,Friendly,Almaty,Kazakhstan,False
2006-07-04 00:00:00,Germany,Italy,0,2,FIFA World Cup,Dortmund,Germany,False
2006-07-05 00:00:00,Kazakhstan,Kyrgyzstan,1,0,Friendly,Almaty,Kazakhstan,False
2006-07-05 00:00:00,Portugal,France,0,1,FIFA World Cup,Munich,Germany,True
2006-07-06 00:00:00,Malawi,Botswana,2,1,Friendly,Lilongwe,Malawi,False
2006-07-08 00:00:00,Germany,Portugal,3,1,FIFA World Cup,Stuttgart,Germany,False
2006-07-08 00:00:00,Malawi,Botswana,0,0,Friendly,Blantyre,Malawi,False
2006-07-09 00:00:00,Italy,France,1,1,FIFA World Cup,Berlin,Germany,True
2006-07-15 00:00:00,Syria,Iraq,1,3,Friendly,Damascus,Syria,False
2006-07-15 00:00:00,Zambia,Zimbabwe,0,0,Friendly,Lusaka,Zambia,False
2006-07-17 00:00:00,Ethiopia,Yemen,1,0,Friendly,Addis Ababa,Ethiopia,False
2006-07-21 00:00:00,Jordan,Iraq,2,1,Friendly,Amman,Jordan,False
2006-07-22 00:00:00,Malawi,Zambia,1,3,COSAFA Cup,Windhoek,Namibia,True
2006-07-22 00:00:00,Namibia,Seychelles,1,1,COSAFA Cup,Windhoek,Namibia,False
2006-07-23 00:00:00,Namibia,Malawi,3,2,COSAFA Cup,Windhoek,Namibia,False
2006-07-23 00:00:00,Seychelles,Zambia,0,2,COSAFA Cup,Windhoek,Namibia,True
2006-07-25 00:00:00,Syria,Iraq,1,2,Friendly,Damascus,Syria,False
2006-07-26 00:00:00,Rwanda,Uganda,1,1,Friendly,Kigali,Rwanda,False
2006-07-28 00:00:00,Guyana,Saint Lucia,3,2,Friendly,Linden,Guyana,False
2006-07-30 00:00:00,Guyana,Saint Lucia,2,0,Friendly,Georgetown,Guyana,False
2006-07-30 00:00:00,Jordan,Syria,3,0,Friendly,Amman,Jordan,False
2006-07-30 00:00:00,Tanzania,Rwanda,1,0,Friendly,Dar es Salaam,Tanzania,False
2006-08-05 00:00:00,Syria,Libya,2,1,Friendly,Damascus,Syria,False
2006-08-05 00:00:00,Uganda,Botswana,0,0,Friendly,Kampala,Uganda,False
2006-08-08 00:00:00,Iran,United Arab Emirates,1,0,Friendly,Tehran,Iran,False
2006-08-09 00:00:00,Japan,Trinidad and Tobago,2,0,Friendly,Tokyo,Japan,False
2006-08-09 00:00:00,Jordan,Iraq,0,1,Friendly,Amman,Jordan,False
2006-08-09 00:00:00,Macau,Taiwan,0,1,Friendly,Macau,Macau,False
2006-08-09 00:00:00,Saudi Arabia,Bahrain,1,0,Friendly,Riyadh,Saudi Arabia,False
2006-08-11 00:00:00,Ethiopia,Kenya,1,0,Friendly,Addis Ababa,Ethiopia,False
2006-08-12 00:00:00,Hong Kong,Singapore,1,2,Friendly,Victoria,Hong Kong,False
2006-08-13 00:00:00,Ethiopia,Kenya,1,0,Friendly,Addis Ababa,Ethiopia,False
2006-08-15 00:00:00,Algeria,Gabon,0,2,Friendly,Aix-en-Provence,France,True
2006-08-15 00:00:00,Ghana,Togo,2,0,Friendly,Brentford,England,True
2006-08-15 00:00:00,Iceland,Spain,0,0,Friendly,Reykjav√≠k,Iceland,False
2006-08-15 00:00:00,Slovakia,Malta,3,0,Friendly,Bratislava,Slovakia,False
2006-08-15 00:00:00,Slovenia,Israel,1,1,Friendly,Celje,Slovenia,False
2006-08-15 00:00:00,Ukraine,Azerbaijan,6,0,Friendly,Kyiv,Ukraine,False
2006-08-15 00:00:00,Wales,Bulgaria,0,0,Friendly,Swansea,Wales,False
2006-08-16 00:00:00,Australia,Kuwait,2,0,AFC Asian Cup qualification,Sydney,Australia,False
2006-08-16 00:00:00,Austria,Hungary,1,2,Friendly,Graz,Austria,False
2006-08-16 00:00:00,Bangladesh,Qatar,1,4,AFC Asian Cup qualification,Chittagong,Bangladesh,False
2006-08-16 00:00:00,Belarus,Andorra,3,0,Friendly,Minsk,Belarus,False
2006-08-16 00:00:00,Belgium,Kazakhstan,0,0,UEFA Euro qualification,Brussels,Belgium,False
2006-08-16 00:00:00,Bosnia and Herzegovina,France,1,2,Friendly,Sarajevo,Bosnia and Herzegovina,False
2006-08-16 00:00:00,Cameroon,Guinea,1,1,Friendly,Rouen,France,True
2006-08-16 00:00:00,Chile,Colombia,1,2,Friendly,Santiago,Chile,False
2006-08-16 00:00:00,China PR,Singapore,1,0,AFC Asian Cup qualification,Tianjin,China PR,False
2006-08-16 00:00:00,Czech Republic,Serbia,1,3,Friendly,Uhersk√© Hradi≈°tƒõ,Czech Republic,False
2006-08-16 00:00:00,Denmark,Poland,2,0,Friendly,Odense,Denmark,False
2006-08-16 00:00:00,Egypt,Uruguay,0,2,Friendly,Alexandria,Egypt,False
2006-08-16 00:00:00,England,Greece,4,0,Friendly,Manchester,England,False
2006-08-16 00:00:00,Estonia,North Macedonia,0,1,UEFA Euro qualification,Tallinn,Estonia,False
2006-08-16 00:00:00,Faroe Islands,Georgia,0,6,UEFA Euro qualification,Toftir,Faroe Islands,False
2006-08-16 00:00:00,Finland,Northern Ireland,1,2,Friendly,Helsinki,Finland,False
2006-08-16 00:00:00,Germany,Sweden,3,0,Friendly,Gelsenkirchen,Germany,False
2006-08-16 00:00:00,Guatemala,Haiti,1,1,Friendly,Miami,United States,True
2006-08-16 00:00:00,India,Saudi Arabia,0,3,AFC Asian Cup qualification,Calcutta,India,False
2006-08-16 00:00:00,Iran,Syria,1,1,AFC Asian Cup qualification,Tehran,Iran,False
2006-08-16 00:00:00,Republic of Ireland,Netherlands,0,4,Friendly,Dublin,Republic of Ireland,False
2006-08-16 00:00:00,Italy,Croatia,0,2,Friendly,Livorno,Italy,False
2006-08-16 00:00:00,Ivory Coast,Senegal,0,1,Friendly,Tours,France,True
2006-08-16 00:00:00,Japan,Yemen,2,0,AFC Asian Cup qualification,Niigata,Japan,False
2006-08-16 00:00:00,Jordan,United Arab Emirates,1,2,AFC Asian Cup qualification,Amman,Jordan,False
2006-08-16 00:00:00,Libya,Uganda,3,2,Friendly,Tripoli,Libya,False
2006-08-16 00:00:00,Liechtenstein,Switzerland,0,3,Friendly,Vaduz,Liechtenstein,False
2006-08-16 00:00:00,Luxembourg,Turkey,0,1,Friendly,Luxembourg,Luxembourg,False
2006-08-16 00:00:00,Moldova,Lithuania,3,2,Friendly,Chi»ôinƒÉu,Moldova,False
2006-08-16 00:00:00,Morocco,Burkina Faso,1,0,Friendly,Rabat,Morocco,False
2006-08-16 00:00:00,Namibia,South Africa,0,1,Friendly,Windhoek,Namibia,False
2006-08-16 00:00:00,Norway,Brazil,1,1,Friendly,Oslo,Norway,False
2006-08-16 00:00:00,Pakistan,Oman,1,4,AFC Asian Cup qualification,Islamabad,Pakistan,False
2006-08-16 00:00:00,Peru,Panama,0,2,Friendly,Lima,Peru,False
2006-08-16 00:00:00,Romania,Cyprus,2,0,Friendly,Constan≈£a,Romania,False
2006-08-16 00:00:00,Russia,Latvia,1,0,Friendly,Moscow,Russia,False
2006-08-16 00:00:00,San Marino,Albania,0,3,Friendly,Serravalle,San Marino,False
2006-08-16 00:00:00,Tunisia,Mali,0,1,Friendly,Narbonne,France,True
2006-08-16 00:00:00,Uzbekistan,Hong Kong,2,2,AFC Asian Cup qualification,Tashkent,Uzbekistan,False
2006-08-16 00:00:00,Venezuela,Honduras,0,0,Friendly,Maracay,Venezuela,False
2006-08-17 00:00:00,Palestine,Iraq,0,3,AFC Asian Cup qualification,Amman,Jordan,True
2006-08-19 00:00:00,Zambia,Botswana,1,0,COSAFA Cup,Lusaka,Zambia,False
2006-08-23 00:00:00,Malaysia,Indonesia,1,1,Merdeka Tournament,Shah Alam,Malaysia,False
2006-08-25 00:00:00,Indonesia,Myanmar,0,0,Merdeka Tournament,Shah Alam,Malaysia,True
2006-08-26 00:00:00,Eswatini,Lesotho,3,1,Friendly,Lobamba,Eswatini,False
2006-08-26 00:00:00,Tanzania,Zanzibar,1,0,Friendly,Dar es Salaam,Tanzania,False
2006-08-26 00:00:00,Yemen,Libya,0,1,Friendly,Sana'a,Yemen,False
2006-08-27 00:00:00,Malaysia,Myanmar,1,2,Merdeka Tournament,Shah Alam,Malaysia,False
2006-08-27 00:00:00,Saudi Arabia,United Arab Emirates,1,0,Friendly,Jeddah,Saudi Arabia,False
2006-08-29 00:00:00,Myanmar,Indonesia,2,1,Merdeka Tournament,Shah Alam,Malaysia,True
2006-08-29 00:00:00,Togo,Niger,1,1,Friendly,Lom√©,Togo,False
2006-08-29 00:00:00,Uganda,Burkina Faso,0,0,Friendly,Kampala,Uganda,False
2006-08-29 00:00:00,Yemen,Libya,1,1,Friendly,Sana'a,Yemen,False
2006-09-01 00:00:00,Denmark,Portugal,4,2,Friendly,Br√∏ndby,Denmark,False
2006-09-01 00:00:00,Oman,Syria,3,0,Friendly,Muscat,Oman,False
2006-09-02 00:00:00,Austria,Costa Rica,2,2,Friendly,Geneva,Switzerland,True
2006-09-02 00:00:00,Bahamas,Cayman Islands,3,1,CFU Caribbean Cup qualification,Havana,Cuba,True
2006-09-02 00:00:00,Bahrain,Jordan,0,2,Friendly,Manama,Bahrain,False
2006-09-02 00:00:00,Belarus,Albania,2,2,UEFA Euro qualification,Minsk,Belarus,False
2006-09-02 00:00:00,Cuba,Turks and Caicos Islands,6,0,CFU Caribbean Cup qualification,Havana,Cuba,False
2006-09-02 00:00:00,Czech Republic,Wales,2,1,UEFA Euro qualification,Teplice,Czech Republic,False
2006-09-02 00:00:00,Egypt,Burundi,4,1,African Cup of Nations qualification,Alexandria,Egypt,False
2006-09-02 00:00:00,England,Andorra,5,0,UEFA Euro qualification,Manchester,England,False
2006-09-02 00:00:00,Estonia,Israel,0,1,UEFA Euro qualification,Tallinn,Estonia,False
2006-09-02 00:00:00,Gabon,Madagascar,4,0,African Cup of Nations qualification,Libreville,Gabon,False
2006-09-02 00:00:00,Georgia,France,0,3,UEFA Euro qualification,Tbilisi,Georgia,False
2006-09-02 00:00:00,Germany,Republic of Ireland,1,0,UEFA Euro qualification,Stuttgart,Germany,False
2006-09-02 00:00:00,Hungary,Norway,1,4,UEFA Euro qualification,Budapest,Hungary,False
2006-09-02 00:00:00,Italy,Lithuania,1,1,UEFA Euro qualification,Naples,Italy,False
2006-09-02 00:00:00,Kenya,Eritrea,1,2,African Cup of Nations qualification,Nairobi,Kenya,False
2006-09-02 00:00:00,South Korea,Iran,1,1,AFC Asian Cup qualification,Seoul,South Korea,False
2006-09-02 00:00:00,Latvia,Sweden,0,1,UEFA Euro qualification,Riga,Latvia,False
2006-09-02 00:00:00,Luxembourg,Netherlands,0,1,UEFA Euro qualification,Luxembourg,Luxembourg,False
2006-09-02 00:00:00,Malta,Bosnia and Herzegovina,2,5,UEFA Euro qualification,Attard,Malta,False
2006-09-02 00:00:00,Moldova,Greece,0,1,UEFA Euro qualification,Chi»ôinƒÉu,Moldova,False
2006-09-02 00:00:00,Nigeria,Niger,2,0,African Cup of Nations qualification,Abuja,Nigeria,False
2006-09-02 00:00:00,Northern Ireland,Iceland,0,3,UEFA Euro qualification,Belfast,Northern Ireland,False
2006-09-02 00:00:00,Poland,Finland,1,3,UEFA Euro qualification,Bydgoszcz,Poland,False
2006-09-02 00:00:00,Romania,Bulgaria,2,2,UEFA Euro qualification,Constan≈£a,Romania,False
2006-09-02 00:00:00,Scotland,Faroe Islands,6,0,UEFA Euro qualification,Glasgow,Scotland,False
2006-09-02 00:00:00,Senegal,Mozambique,2,0,African Cup of Nations qualification,Dakar,Senegal,False
2006-09-02 00:00:00,Serbia,Azerbaijan,1,0,UEFA Euro qualification,Belgrade,Serbia,False
2006-09-02 00:00:00,Slovakia,Cyprus,6,1,UEFA Euro qualification,Bratislava,Slovakia,False
2006-09-02 00:00:00,South Africa,Congo,0,0,African Cup of Nations qualification,Johannesburg,South Africa,False
2006-09-02 00:00:00,Spain,Liechtenstein,4,0,UEFA Euro qualification,Badajoz,Spain,False
2006-09-02 00:00:00,Switzerland,Venezuela,1,0,Friendly,Basel,Switzerland,False
2006-09-02 00:00:00,Tanzania,Burkina Faso,2,1,African Cup of Nations qualification,Dar es Salaam,Tanzania,False
2006-09-02 00:00:00,Uganda,Lesotho,3,0,African Cup of Nations qualification,Kampala,Uganda,False
2006-09-03 00:00:00,Antigua and Barbuda,Dominica,1,0,Friendly,St. John's,Antigua and Barbuda,False
2006-09-03 00:00:00,Argentina,Brazil,0,3,Friendly,London,England,True
2006-09-03 00:00:00,Chad,Zambia,0,2,African Cup of Nations qualification,N'Djamena,Chad,False
2006-09-03 00:00:00,DR Congo,Namibia,3,2,African Cup of Nations qualification,Kinshasa,DR Congo,False
2006-09-03 00:00:00,Equatorial Guinea,Liberia,2,1,African Cup of Nations qualification,Malabo,Equatorial Guinea,False
2006-09-03 00:00:00,Ethiopia,Libya,1,0,African Cup of Nations qualification,Addis Ababa,Ethiopia,False
2006-09-03 00:00:00,Gambia,Cape Verde,2,0,African Cup of Nations qualification,Bakau,Gambia,False
2006-09-03 00:00:00,Guinea,Algeria,0,0,African Cup of Nations qualification,Conakry,Guinea,False
2006-09-03 00:00:00,Mauritius,Tunisia,0,0,African Cup of Nations qualification,Curepipe,Mauritius,False
2006-09-03 00:00:00,Rwanda,Cameroon,0,3,African Cup of Nations qualification,Kigali,Rwanda,False
2006-09-03 00:00:00,Saudi Arabia,Japan,1,0,AFC Asian Cup qualification,Jeddah,Saudi Arabia,False
2006-09-03 00:00:00,Sierra Leone,Mali,0,0,African Cup of Nations qualification,Freetown,Sierra Leone,False
2006-09-03 00:00:00,Sudan,Seychelles,3,0,African Cup of Nations qualification,Khartoum,Sudan,False
2006-09-03 00:00:00,Eswatini,Angola,0,2,African Cup of Nations qualification,Lobamba,Eswatini,False
2006-09-03 00:00:00,Togo,Benin,2,1,African Cup of Nations qualification,Lom√©,Togo,False
2006-09-04 00:00:00,Canada,Jamaica,1,0,Friendly,Montr√©al,Canada,False
2006-09-04 00:00:00,Cayman Islands,Turks and Caicos Islands,0,2,CFU Caribbean Cup qualification,Havana,Cuba,True
2006-09-04 00:00:00,Cuba,Bahamas,6,0,CFU Caribbean Cup qualification,Havana,Cuba,False
2006-09-05 00:00:00,Wales,Brazil,0,2,Friendly,London,England,True
2006-09-06 00:00:00,Albania,Romania,0,2,UEFA Euro qualification,Tirana,Albania,False
2006-09-06 00:00:00,Armenia,Belgium,0,1,UEFA Euro qualification,Yerevan,Armenia,False
2006-09-06 00:00:00,Austria,Venezuela,0,1,Friendly,Basel,Switzerland,True
2006-09-06 00:00:00,Azerbaijan,Kazakhstan,1,1,UEFA Euro qualification,Baku,Azerbaijan,False
2006-09-06 00:00:00,Bosnia and Herzegovina,Hungary,1,3,UEFA Euro qualification,Zenica,Bosnia and Herzegovina,False
2006-09-06 00:00:00,Bulgaria,Slovenia,3,0,UEFA Euro qualification,Sofia,Bulgaria,False
2006-09-06 00:00:00,Cuba,Cayman Islands,7,0,CFU Caribbean Cup qualification,Havana,Cuba,False
2006-09-06 00:00:00,Cura√ßao,Grenada,1,1,CFU Caribbean Cup qualification,Willemstad,Netherlands Antilles,True
2006-09-06 00:00:00,Ecuador,Peru,1,1,Friendly,East Rutherford,United States,True
2006-09-06 00:00:00,Finland,Portugal,1,1,UEFA Euro qualification,Helsinki,Finland,False
2006-09-06 00:00:00,France,Italy,3,1,UEFA Euro qualification,Saint-Denis,France,False
2006-09-06 00:00:00,Guatemala,Panama,1,2,Friendly,Guatemala,Guatemala,False
2006-09-06 00:00:00,Honduras,El Salvador,2,0,Friendly,Tegucigalpa,Honduras,False
2006-09-06 00:00:00,Hong Kong,Uzbekistan,0,0,AFC Asian Cup qualification,So Kon Po,Hong Kong,False
2006-09-06 00:00:00,Iceland,Denmark,0,2,UEFA Euro qualification,Reykjav√≠k,Iceland,False
2006-09-06 00:00:00,Iraq,Palestine,2,2,AFC Asian Cup qualification,Al Ain,United Arab Emirates,True
2006-09-06 00:00:00,Israel,Andorra,4,1,UEFA Euro qualification,Nijmegen,Netherlands,True
2006-09-06 00:00:00,South Korea,Taiwan,8,0,AFC Asian Cup qualification,Suwon,South Korea,False
2006-09-06 00:00:00,Kuwait,Australia,2,0,AFC Asian Cup qualification,Kuwait City,Kuwait,False
2006-09-06 00:00:00,Lithuania,Scotland,1,2,UEFA Euro qualification,Kaunas,Lithuania,False
2006-09-06 00:00:00,Luxembourg,Latvia,0,0,Friendly,Hesperange,Luxembourg,False
2006-09-06 00:00:00,North Macedonia,England,0,1,UEFA Euro qualification,Skopje,North Macedonia,False
2006-09-06 00:00:00,Netherlands,Belarus,3,0,UEFA Euro qualification,Eindhoven,Netherlands,False
2006-09-06 00:00:00,Northern Ireland,Spain,3,2,UEFA Euro qualification,Belfast,Northern Ireland,False
2006-09-06 00:00:00,Norway,Moldova,2,0,UEFA Euro qualification,Oslo,Norway,False
2006-09-06 00:00:00,Oman,Pakistan,5,0,AFC Asian Cup qualification,Muscat,Oman,False
2006-09-06 00:00:00,Poland,Serbia,1,1,UEFA Euro qualification,Warsaw,Poland,False
2006-09-06 00:00:00,Qatar,Bangladesh,3,0,AFC Asian Cup qualification,Doha,Qatar,False
2006-09-06 00:00:00,Russia,Croatia,0,0,UEFA Euro qualification,Moscow,Russia,False
2006-09-06 00:00:00,San Marino,Germany,0,13,UEFA Euro qualification,Serravalle,San Marino,False
2006-09-06 00:00:00,Saudi Arabia,India,7,1,AFC Asian Cup qualification,Jeddah,Saudi Arabia,False
2006-09-06 00:00:00,Singapore,China PR,0,0,AFC Asian Cup qualification,Singapore,Singapore,False
2006-09-06 00:00:00,Slovakia,Czech Republic,0,3,UEFA Euro qualification,Bratislava,Slovakia,False
2006-09-06 00:00:00,Suriname,Guyana,0,5,CFU Caribbean Cup qualification,Willemstad,Netherlands Antilles,True
2006-09-06 00:00:00,Sweden,Liechtenstein,3,1,UEFA Euro qualification,Gothenburg,Sweden,False
2006-09-06 00:00:00,Switzerland,Costa Rica,2,0,Friendly,Geneva,Switzerland,False
2006-09-06 00:00:00,Turkey,Malta,2,0,UEFA Euro qualification,Frankfurt am Main,Germany,True
2006-09-06 00:00:00,Turks and Caicos Islands,Bahamas,2,3,CFU Caribbean Cup qualification,Havana,Cuba,True
2006-09-06 00:00:00,Ukraine,Georgia,3,2,UEFA Euro qualification,Kyiv,Ukraine,False
2006-09-06 00:00:00,United Arab Emirates,Jordan,0,0,AFC Asian Cup qualification,Sharjah,United Arab Emirates,False
2006-09-06 00:00:00,Yemen,Japan,0,1,AFC Asian Cup qualification,Sana'a,Yemen,False
2006-09-08 00:00:00,Cura√ßao,Guyana,0,5,CFU Caribbean Cup qualification,Willemstad,Netherlands Antilles,True
2006-09-08 00:00:00,Suriname,Grenada,1,0,CFU Caribbean Cup qualification,Willemstad,Netherlands Antilles,True
2006-09-10 00:00:00,Cura√ßao,Suriname,0,1,CFU Caribbean Cup qualification,Willemstad,Netherlands Antilles,True
2006-09-10 00:00:00,Grenada,Guyana,0,1,CFU Caribbean Cup qualification,Willemstad,Netherlands Antilles,True
2006-09-15 00:00:00,Haiti,Dominican Republic,3,1,Friendly,Saint-Marc,Haiti,False
2006-09-17 00:00:00,Dominica,Barbados,0,5,Friendly,Grand Bay,Dominica,False
2006-09-17 00:00:00,Haiti,Dominican Republic,2,1,Friendly,Port-au-Prince,Haiti,False
2006-09-17 00:00:00,Zimbabwe,Angola,1,2,COSAFA Cup,Harare,Zimbabwe,False
2006-09-20 00:00:00,Antigua and Barbuda,Anguilla,5,3,CFU Caribbean Cup qualification,St. John's,Antigua and Barbuda,False
2006-09-20 00:00:00,Barbados,Saint Kitts and Nevis,1,1,CFU Caribbean Cup qualification,St. John's,Antigua and Barbuda,True
2006-09-20 00:00:00,Dominica,Martinique,0,4,CFU Caribbean Cup qualification,Les Abymes,Guadeloupe,True
2006-09-20 00:00:00,Guadeloupe,Saint Martin,1,0,CFU Caribbean Cup qualification,Les Abymes,Guadeloupe,False
2006-09-22 00:00:00,Anguilla,Saint Kitts and Nevis,1,6,CFU Caribbean Cup qualification,St. John's,Antigua and Barbuda,True
2006-09-22 00:00:00,Antigua and Barbuda,Barbados,1,3,CFU Caribbean Cup qualification,St. John's,Antigua and Barbuda,False
2006-09-22 00:00:00,Guadeloupe,Dominica,1,0,CFU Caribbean Cup qualification,Les Abymes,Guadeloupe,False
2006-09-22 00:00:00,Martinique,Saint Martin,1,0,CFU Caribbean Cup qualification,Les Abymes,Guadeloupe,True
2006-09-24 00:00:00,Antigua and Barbuda,Saint Kitts and Nevis,1,0,CFU Caribbean Cup qualification,St. John's,Antigua and Barbuda,False
2006-09-24 00:00:00,Barbados,Anguilla,7,1,CFU Caribbean Cup qualification,St. John's,Antigua and Barbuda,True
2006-09-24 00:00:00,Dominica,Saint Martin,0,0,CFU Caribbean Cup qualification,Les Abymes,Guadeloupe,True
2006-09-24 00:00:00,Guadeloupe,Martinique,4,0,CFU Caribbean Cup qualification,Les Abymes,Guadeloupe,False
2006-09-27 00:00:00,Jamaica,Saint Lucia,4,0,CFU Caribbean Cup qualification,Kingston,Jamaica,False
2006-09-27 00:00:00,Venezuela,Uruguay,1,0,Friendly,Maracaibo,Venezuela,False
2006-09-27 00:00:00,United States Virgin Islands,Bermuda,0,6,CFU Caribbean Cup qualification,Charlotte Amalie,United States Virgin Islands,False
2006-09-29 00:00:00,Bermuda,Dominican Republic,3,1,CFU Caribbean Cup qualification,Charlotte Amalie,United States Virgin Islands,True
2006-09-29 00:00:00,Saint Lucia,Haiti,1,7,CFU Caribbean Cup qualification,Kingston,Jamaica,True
2006-09-30 00:00:00,Tanzania,Kenya,0,0,Friendly,Dar es Salaam,Tanzania,False
2006-10-01 00:00:00,Jamaica,Haiti,2,0,CFU Caribbean Cup qualification,Kingston,Jamaica,False
2006-10-01 00:00:00,Libya,Sudan,1,0,Friendly,Tripoli,Libya,False
2006-10-01 00:00:00,Saint Vincent and the Grenadines,Saint Lucia,8,0,CFU Caribbean Cup qualification,Kingston,Jamaica,True
2006-10-01 00:00:00,United States Virgin Islands,Dominican Republic,1,6,CFU Caribbean Cup qualification,Charlotte Amalie,United States Virgin Islands,False
2006-10-03 00:00:00,Botswana,Lesotho,1,0,Friendly,Gaborone,Botswana,False
2006-10-04 00:00:00,Ethiopia,Eswatini,2,0,Friendly,Addis Ababa,Ethiopia,False
2006-10-04 00:00:00,Iran,Iraq,2,0,Friendly,Amman,Jordan,True
2006-10-04 00:00:00,Japan,Ghana,0,1,Friendly,Yokohama,Japan,False
2006-10-06 00:00:00,Jordan,Iran,0,0,Friendly,Amman,Jordan,False
2006-10-06 00:00:00,Liechtenstein,Austria,1,2,Friendly,Vaduz,Liechtenstein,False
2006-10-07 00:00:00,Algeria,Gambia,1,0,African Cup of Nations qualification,Algiers,Algeria,False
2006-10-07 00:00:00,Armenia,Finland,0,0,UEFA Euro qualification,Yerevan,Armenia,False
2006-10-07 00:00:00,Australia,Paraguay,1,1,Friendly,Brisbane,Australia,False
2006-10-07 00:00:00,Botswana,Egypt,0,0,African Cup of Nations qualification,Gaborone,Botswana,False
2006-10-07 00:00:00,Bulgaria,Netherlands,1,1,UEFA Euro qualification,Sofia,Bulgaria,False
2006-10-07 00:00:00,Burkina Faso,Senegal,1,0,African Cup of Nations qualification,Ouagadougou,Burkina Faso,False
2006-10-07 00:00:00,Cameroon,Equatorial Guinea,3,0,African Cup of Nations qualification,Yaound√©,Cameroon,False
2006-10-07 00:00:00,Cape Verde,Guinea,1,0,African Cup of Nations qualification,Praia,Cape Verde,False
2006-10-07 00:00:00,Chile,Peru,3,2,Copa del Pac√≠fico,Vi√±a del Mar,Chile,False
2006-10-07 00:00:00,Croatia,Andorra,7,0,UEFA Euro qualification,Zagreb,Croatia,False
2006-10-07 00:00:00,Cyprus,Republic of Ireland,5,2,UEFA Euro qualification,Nicosia,Cyprus,False
2006-10-07 00:00:00,Czech Republic,San Marino,7,0,UEFA Euro qualification,Liberec,Czech Republic,False
2006-10-07 00:00:00,Denmark,Northern Ireland,0,0,UEFA Euro qualification,Copenhagen,Denmark,False
2006-10-07 00:00:00,England,North Macedonia,0,0,UEFA Euro qualification,Manchester,England,False
2006-10-07 00:00:00,Eritrea,Eswatini,0,0,African Cup of Nations qualification,Asmara,Eritrea,False
2006-10-07 00:00:00,Faroe Islands,Lithuania,0,1,UEFA Euro qualification,T√≥rshavn,Faroe Islands,False
2006-10-07 00:00:00,Germany,Georgia,2,0,Friendly,Rostock,Germany,False
2006-10-07 00:00:00,Greece,Norway,1,0,UEFA Euro qualification,Piraeus,Greece,False
2006-10-07 00:00:00,Guatemala,Honduras,2,3,Friendly,Fort Lauderdale,United States,True
2006-10-07 00:00:00,Hungary,Turkey,0,1,UEFA Euro qualification,Budapest,Hungary,False
2006-10-07 00:00:00,Italy,Ukraine,2,0,UEFA Euro qualification,Rome,Italy,False
2006-10-07 00:00:00,Kazakhstan,Poland,0,1,UEFA Euro qualification,Almaty,Kazakhstan,False
2006-10-07 00:00:00,Latvia,Iceland,4,0,UEFA Euro qualification,Riga,Latvia,False
2006-10-07 00:00:00,Malawi,Zimbabwe,1,0,African Cup of Nations qualification,Blantyre,Malawi,False
2006-10-07 00:00:00,Moldova,Bosnia and Herzegovina,2,2,UEFA Euro qualification,Chi»ôinƒÉu,Moldova,False
2006-10-07 00:00:00,Namibia,Ethiopia,1,0,African Cup of Nations qualification,Windhoek,Namibia,False
2006-10-07 00:00:00,Panama,El Salvador,1,0,Friendly,Panama City,Panama,False
2006-10-07 00:00:00,Portugal,Azerbaijan,3,0,UEFA Euro qualification,Porto,Portugal,False
2006-10-07 00:00:00,Romania,Belarus,3,1,UEFA Euro qualification,Bucharest,Romania,False
2006-10-07 00:00:00,Russia,Israel,1,1,UEFA Euro qualification,Moscow,Russia,False
2006-10-07 00:00:00,Scotland,France,1,0,UEFA Euro qualification,Glasgow,Scotland,False
2006-10-07 00:00:00,Serbia,Belgium,1,0,UEFA Euro qualification,Belgrade,Serbia,False
2006-10-07 00:00:00,Seychelles,Mauritius,2,1,African Cup of Nations qualification,Victoria,Seychelles,False
2006-10-07 00:00:00,Slovenia,Luxembourg,2,0,UEFA Euro qualification,Celje,Slovenia,False
2006-10-07 00:00:00,Sweden,Spain,2,0,UEFA Euro qualification,Solna,Sweden,False
2006-10-07 00:00:00,Tunisia,Sudan,1,0,African Cup of Nations qualification,Rad√®s,Tunisia,False
2006-10-07 00:00:00,Wales,Slovakia,1,5,UEFA Euro qualification,Cardiff,Wales,False
2006-10-08 00:00:00,Angola,Kenya,3,1,African Cup of Nations qualification,Luanda,Angola,False
2006-10-08 00:00:00,Benin,Sierra Leone,2,0,African Cup of Nations qualification,Cotonou,Benin,False
2006-10-08 00:00:00,Burundi,Mauritania,3,1,African Cup of Nations qualification,Bujumbura,Burundi,False
2006-10-08 00:00:00,Congo,Chad,3,1,African Cup of Nations qualification,Brazzaville,Congo,False
2006-10-08 00:00:00,Ivory Coast,Gabon,5,0,African Cup of Nations qualification,Abidjan,Ivory Coast,False
2006-10-08 00:00:00,Jamaica,Canada,2,1,Friendly,Kingston,Jamaica,False
2006-10-08 00:00:00,South Korea,Ghana,1,3,Friendly,Seoul,South Korea,False
2006-10-08 00:00:00,Lesotho,Nigeria,0,1,African Cup of Nations qualification,Maseru,Lesotho,False
2006-10-08 00:00:00,Liberia,Rwanda,3,2,African Cup of Nations qualification,Monrovia,Liberia,False
2006-10-08 00:00:00,Libya,DR Congo,1,1,African Cup of Nations qualification,Tripoli,Libya,False
2006-10-08 00:00:00,Mali,Togo,1,0,African Cup of Nations qualification,Bamako,Mali,False
2006-10-08 00:00:00,Mozambique,Tanzania,0,0,African Cup of Nations qualification,Maputo,Mozambique,False
2006-10-08 00:00:00,Niger,Uganda,0,0,African Cup of Nations qualification,Niamey,Niger,False
2006-10-08 00:00:00,Zambia,South Africa,0,1,African Cup of Nations qualification,Lusaka,Zambia,False
2006-10-08 00:00:00,Catalonia,Basque Country,2,2,Friendly,Barcelona,Spain,False
2006-10-10 00:00:00,Brazil,Ecuador,2,1,Friendly,Solna,Sweden,True
2006-10-10 00:00:00,Honduras,Guatemala,2,1,Friendly,Atlanta,United States,True
2006-10-11 00:00:00,Andorra,North Macedonia,0,3,UEFA Euro qualification,Sant Juli√† de L√≤ria,Andorra,False
2006-10-11 00:00:00,Australia,Bahrain,2,0,AFC Asian Cup qualification,Sydney,Australia,False
2006-10-11 00:00:00,Austria,Switzerland,2,1,Friendly,Innsbruck,Austria,False
2006-10-11 00:00:00,Bangladesh,Uzbekistan,0,4,AFC Asian Cup qualification,Dhaka,Bangladesh,False
2006-10-11 00:00:00,Belarus,Slovenia,4,2,UEFA Euro qualification,Minsk,Belarus,False
2006-10-11 00:00:00,Belgium,Azerbaijan,3,0,UEFA Euro qualification,Brussels,Belgium,False
2006-10-11 00:00:00,Bosnia and Herzegovina,Greece,0,4,UEFA Euro qualification,Zenica,Bosnia and Herzegovina,False
2006-10-11 00:00:00,Croatia,England,2,0,UEFA Euro qualification,Zagreb,Croatia,False
2006-10-11 00:00:00,France,Faroe Islands,5,0,UEFA Euro qualification,Montb√©liard,France,False
2006-10-11 00:00:00,Georgia,Italy,1,3,UEFA Euro qualification,Tbilisi,Georgia,False
2006-10-11 00:00:00,Iceland,Sweden,1,2,UEFA Euro qualification,Reykjav√≠k,Iceland,False
2006-10-11 00:00:00,India,Japan,0,3,AFC Asian Cup qualification,Bangalore,India,False
2006-10-11 00:00:00,Iraq,Singapore,4,2,AFC Asian Cup qualification,Al Ain,United Arab Emirates,True
2006-10-11 00:00:00,Republic of Ireland,Czech Republic,1,1,UEFA Euro qualification,Dublin,Republic of Ireland,False
2006-10-11 00:00:00,Kazakhstan,Finland,0,2,UEFA Euro qualification,Almaty,Kazakhstan,False
2006-10-11 00:00:00,South Korea,Syria,1,1,AFC Asian Cup qualification,Seoul,South Korea,False
2006-10-11 00:00:00,Kuwait,Lithuania,1,0,Friendly,Kuwait City,Kuwait,False
2006-10-11 00:00:00,Liechtenstein,Denmark,0,4,UEFA Euro qualification,Vaduz,Liechtenstein,False
2006-10-11 00:00:00,Luxembourg,Bulgaria,0,1,UEFA Euro qualification,Luxembourg,Luxembourg,False
2006-10-11 00:00:00,Malta,Hungary,2,1,UEFA Euro qualification,Attard,Malta,False
2006-10-11 00:00:00,Netherlands,Albania,2,1,UEFA Euro qualification,Amsterdam,Netherlands,False
2006-10-11 00:00:00,Northern Ireland,Latvia,1,0,UEFA Euro qualification,Belfast,Northern Ireland,False
2006-10-11 00:00:00,Oman,United Arab Emirates,2,1,AFC Asian Cup qualification,Muscat,Oman,False
2006-10-11 00:00:00,Pakistan,Jordan,0,3,AFC Asian Cup qualification,Lahore,Pakistan,False
2006-10-11 00:00:00,Palestine,China PR,0,2,AFC Asian Cup qualification,Amman,Jordan,True
2006-10-11 00:00:00,Peru,Chile,0,1,Copa del Pac√≠fico,Tacna,Peru,False
2006-10-11 00:00:00,Poland,Portugal,2,1,UEFA Euro qualification,Chorz√≥w,Poland,False
2006-10-11 00:00:00,Qatar,Hong Kong,2,0,AFC Asian Cup qualification,Doha,Qatar,False
2006-10-11 00:00:00,Russia,Estonia,2,0,UEFA Euro qualification,Saint Petersburg,Russia,False
2006-10-11 00:00:00,Saudi Arabia,Yemen,5,0,AFC Asian Cup qualification,Jeddah,Saudi Arabia,False
2006-10-11 00:00:00,Serbia,Armenia,3,0,UEFA Euro qualification,Belgrade,Serbia,False
2006-10-11 00:00:00,Slovakia,Germany,1,4,UEFA Euro qualification,Bratislava,Slovakia,False
2006-10-11 00:00:00,Spain,Argentina,2,1,Friendly,Murcia,Spain,False
2006-10-11 00:00:00,Trinidad and Tobago,Panama,2,1,Friendly,Port of Spain,Trinidad and Tobago,False
2006-10-11 00:00:00,Turkey,Moldova,5,0,UEFA Euro qualification,Frankfurt am Main,Germany,True
2006-10-11 00:00:00,Ukraine,Scotland,2,0,UEFA Euro qualification,Kyiv,Ukraine,False
2006-10-11 00:00:00,Wales,Cyprus,3,1,UEFA Euro qualification,Cardiff,Wales,False
2006-10-17 00:00:00,Haiti,Cuba,0,0,Friendly,Port-au-Prince,Haiti,False
2006-10-18 00:00:00,Uruguay,Venezuela,4,0,Friendly,Montevideo,Uruguay,False
2006-10-19 00:00:00,Haiti,Cuba,0,1,Friendly,Cap-Ha√Øtien,Haiti,False
2006-10-21 00:00:00,Zambia,Angola,2,0,COSAFA Cup,Lusaka,Zambia,False
2006-10-22 00:00:00,Saint Vincent and the Grenadines,Martinique,1,1,Friendly,Kingstown,Saint Vincent and the Grenadines,False
2006-11-03 00:00:00,Antigua and Barbuda,Grenada,1,1,Friendly,Kingstown,Saint Vincent and the Grenadines,True
2006-11-05 00:00:00,Barbados,Grenada,2,2,Friendly,Black Rock,Barbados,False
2006-11-08 00:00:00,Haiti,Cuba,1,2,CFU Caribbean Cup qualification,Fort-de-France,Martinique,True
2006-11-08 00:00:00,Martinique,Suriname,1,0,CFU Caribbean Cup qualification,Fort-de-France,Martinique,False
2006-11-08 00:00:00,Oman,Bahrain,1,1,Friendly,Muscat,Oman,False
2006-11-08 00:00:00,Saudi Arabia,Jordan,2,1,Friendly,Riyadh,Saudi Arabia,False
2006-11-09 00:00:00,Kuwait,Taiwan,10,0,Friendly,Al Ain,United Arab Emirates,True
2006-11-10 00:00:00,Cuba,Suriname,3,1,CFU Caribbean Cup qualification,Fort-de-France,Martinique,True
2006-11-10 00:00:00,Martinique,Haiti,1,0,CFU Caribbean Cup qualification,Fort-de-France,Martinique,False
2006-11-11 00:00:00,Singapore,Indonesia,1,2,Friendly,Singapore,Singapore,False
2006-11-12 00:00:00,Haiti,Suriname,1,1,CFU Caribbean Cup qualification,Fort-de-France,Martinique,True
2006-11-12 00:00:00,Martinique,Cuba,0,0,CFU Caribbean Cup qualification,Fort-de-France,Martinique,False
2006-11-12 00:00:00,Philippines,Laos,1,2,AFF Championship,Bacolod,Philippines,False
2006-11-14 00:00:00,Australia,Ghana,1,1,Friendly,London,England,True
2006-11-14 00:00:00,Cambodia,Laos,2,2,AFF Championship,Bacolod,Philippines,True
2006-11-14 00:00:00,Mali,Congo,1,0,Friendly,La Courneuve,France,True
2006-11-14 00:00:00,Philippines,Timor-Leste,7,0,AFF Championship,Bacolod,Philippines,False
2006-11-14 00:00:00,Wales,Liechtenstein,4,0,Friendly,Wrexham,Wales,False
2006-11-15 00:00:00,Algeria,Burkina Faso,1,2,Friendly,Aix-en-Provence,France,True
2006-11-15 00:00:00,Austria,Trinidad and Tobago,4,1,Friendly,Vienna,Austria,False
2006-11-15 00:00:00,Bahrain,Kuwait,2,1,AFC Asian Cup qualification,Riffa,Bahrain,False
2006-11-15 00:00:00,Belgium,Poland,0,1,UEFA Euro qualification,Brussels,Belgium,False
2006-11-15 00:00:00,Bolivia,El Salvador,4,1,Friendly,La Paz,Bolivia,False
2006-11-15 00:00:00,Botswana,Eswatini,1,0,Friendly,Gaborone,Botswana,False
2006-11-15 00:00:00,Chile,Paraguay,3,2,Friendly,Vi√±a del Mar,Chile,False
2006-11-15 00:00:00,China PR,Iraq,1,1,AFC Asian Cup qualification,Changsha,China PR,False
2006-11-15 00:00:00,Cyprus,Germany,1,1,UEFA Euro qualification,Nicosia,Cyprus,False
2006-11-15 00:00:00,Czech Republic,Denmark,1,1,Friendly,Prague,Czech Republic,False
2006-11-15 00:00:00,Egypt,South Africa,1,0,Friendly,Brentford,England,True
2006-11-15 00:00:00,Estonia,Belarus,2,1,Friendly,Tallinn,Estonia,False
2006-11-15 00:00:00,Finland,Armenia,1,0,UEFA Euro qualification,Helsinki,Finland,False
2006-11-15 00:00:00,France,Greece,1,0,Friendly,Saint-Denis,France,False
2006-11-15 00:00:00,Georgia,Uruguay,2,0,Friendly,Tbilisi,Georgia,False
2006-11-15 00:00:00,Hong Kong,Bangladesh,2,0,AFC Asian Cup qualification,Kowloon,Hong Kong,False
2006-11-15 00:00:00,Hungary,Canada,1,0,Friendly,Sz√©kesfeh√©rv√°r,Hungary,False
2006-11-15 00:00:00,Iran,South Korea,2,0,AFC Asian Cup qualification,Tehran,Iran,False
2006-11-15 00:00:00,Republic of Ireland,San Marino,5,0,UEFA Euro qualification,Dublin,Republic of Ireland,False
2006-11-15 00:00:00,Israel,Croatia,3,4,UEFA Euro qualification,Ramat-Gan,Israel,False
2006-11-15 00:00:00,Italy,Turkey,1,1,Friendly,Bergamo,Italy,False
2006-11-15 00:00:00,Ivory Coast,Sweden,1,0,Friendly,Le Mans,France,True
2006-11-15 00:00:00,Jamaica,Peru,1,1,Friendly,Kingston,Jamaica,False
2006-11-15 00:00:00,Japan,Saudi Arabia,3,1,AFC Asian Cup qualification,Sapporo,Japan,False
2006-11-15 00:00:00,Jordan,Oman,3,0,AFC Asian Cup qualification,Amman,Jordan,False
2006-11-15 00:00:00,Luxembourg,Togo,0,0,Friendly,Luxembourg,Luxembourg,False
2006-11-15 00:00:00,North Macedonia,Russia,0,2,UEFA Euro qualification,Skopje,North Macedonia,False
2006-11-15 00:00:00,Malta,Lithuania,1,4,Friendly,Attard,Malta,False
2006-11-15 00:00:00,Morocco,Gabon,6,0,Friendly,Rabat,Morocco,False
2006-11-15 00:00:00,Netherlands,England,1,1,Friendly,Amsterdam,Netherlands,False
2006-11-15 00:00:00,Portugal,Kazakhstan,3,0,UEFA Euro qualification,Coimbra,Portugal,False
2006-11-15 00:00:00,Serbia,Norway,1,1,Friendly,Belgrade,Serbia,False
2006-11-15 00:00:00,Slovakia,Bulgaria,3,1,Friendly,≈Ωilina,Slovakia,False
2006-11-15 00:00:00,Spain,Romania,0,1,Friendly,C√°diz,Spain,False
2006-11-15 00:00:00,Switzerland,Brazil,1,2,Friendly,Basel,Switzerland,False
2006-11-15 00:00:00,Syria,Taiwan,3,0,AFC Asian Cup qualification,Damascus,Syria,False
2006-11-15 00:00:00,Tunisia,Libya,2,0,Friendly,Tunis,Tunisia,False
2006-11-15 00:00:00,United Arab Emirates,Pakistan,3,2,AFC Asian Cup qualification,Abu Dhabi,United Arab Emirates,False
2006-11-15 00:00:00,Uzbekistan,Qatar,2,0,AFC Asian Cup qualification,Tashkent,Uzbekistan,False
2006-11-15 00:00:00,Venezuela,Guatemala,2,1,Friendly,Caracas,Venezuela,False
2006-11-15 00:00:00,Yemen,India,2,1,AFC Asian Cup qualification,Sana'a,Yemen,False
2006-11-15 00:00:00,Zimbabwe,Namibia,3,2,Friendly,Harare,Zimbabwe,False
2006-11-16 00:00:00,Laos,Timor-Leste,3,2,AFF Championship,Bacolod,Philippines,True
2006-11-18 00:00:00,Philippines,Cambodia,1,0,AFF Championship,Bacolod,Philippines,False
2006-11-18 00:00:00,Tanzania,Angola,1,1,Friendly,Dar es Salaam,Tanzania,False
2006-11-19 00:00:00,Barbados,Bahamas,2,1,CFU Caribbean Cup qualification,Bridgetown,Barbados,False
2006-11-19 00:00:00,Panama,Peru,1,2,Friendly,Panama City,Panama,False
2006-11-19 00:00:00,GƒÉgƒÉuzia,Greenland,0,2,ELF Cup,Kyrenia,Northern Cyprus,True
2006-11-19 00:00:00,Kyrgyzstan,Zanzibar,0,1,ELF Cup,Kyrenia,Northern Cyprus,True
2006-11-19 00:00:00,Tibet,Tajikistan,0,3,ELF Cup,G√ºzelyurt,Northern Cyprus,True
2006-11-19 00:00:00,Northern Cyprus,Crimea,5,0,ELF Cup,Lefko≈üa,Northern Cyprus,False
2006-11-20 00:00:00,Cambodia,Timor-Leste,4,1,AFF Championship,Bacolod,Philippines,True
2006-11-20 00:00:00,Occitania,S√°pmi,0,7,Viva World Cup,Costebelle,France,False
2006-11-20 00:00:00,GƒÉgƒÉuzia,Kyrgyzstan,1,6,ELF Cup,Gazimaƒüusa,Northern Cyprus,True
2006-11-20 00:00:00,Greenland,Zanzibar,1,1,ELF Cup,Gazimaƒüusa,Northern Cyprus,True
2006-11-20 00:00:00,Tibet,Crimea,0,1,ELF Cup,G√ºzelyurt,Northern Cyprus,True
2006-11-20 00:00:00,Northern Cyprus,Tajikistan,5,1,ELF Cup,G√ºzelyurt,Northern Cyprus,False
2006-11-21 00:00:00,Bahamas,Bermuda,0,4,CFU Caribbean Cup qualification,Bridgetown,Barbados,True
2006-11-21 00:00:00,Occitania,Monaco,2,3,Viva World Cup,Hy√®res,France,False
2006-11-21 00:00:00,Greenland,Kyrgyzstan,0,1,ELF Cup,Kyrenia,Northern Cyprus,True
2006-11-21 00:00:00,GƒÉgƒÉuzia,Zanzibar,1,1,ELF Cup,Kyrenia,Northern Cyprus,True
2006-11-21 00:00:00,Tajikistan,Crimea,1,2,ELF Cup,Gazimaƒüusa,Northern Cyprus,True
2006-11-21 00:00:00,Northern Cyprus,Tibet,10,0,ELF Cup,Gazimaƒüusa,Northern Cyprus,False
2006-11-23 00:00:00,Barbados,Bermuda,1,1,CFU Caribbean Cup qualification,Bridgetown,Barbados,False
